CoastalBlue,Blue,GreenI,Green,Yellow,Red,RedEdge,NIR,Class
559.0,518.0,566.0,641.0,718.0,696.0,825.0,1471.0,burned
576.0,539.0,571.0,624.0,707.0,733.0,825.0,1471.0,burned
573.0,518.0,566.0,632.0,711.0,689.0,824.0,1470.0,burned
561.0,503.0,557.0,623.0,686.0,691.0,816.0,1426.0,burned
565.0,469.0,541.0,598.0,590.0,662.0,787.0,1431.0,burned
566.0,477.0,531.0,582.0,638.0,614.0,774.0,1282.0,burned
581.0,485.0,526.0,598.0,630.0,628.0,808.0,1352.0,burned
549.0,487.0,566.0,630.0,673.0,727.0,850.0,1371.0,burned
573.0,516.0,543.0,637.0,653.0,667.0,858.0,1441.0,burned
556.0,512.0,533.0,619.0,631.0,637.0,850.0,1358.0,burned
527.0,483.0,536.0,585.0,617.0,643.0,784.0,1286.0,burned
508.0,491.0,534.0,568.0,640.0,629.0,792.0,1287.0,burned
500.0,495.0,534.0,579.0,639.0,627.0,792.0,1321.0,burned
529.0,477.0,539.0,618.0,660.0,658.0,815.0,1354.0,burned
527.0,529.0,578.0,644.0,691.0,707.0,847.0,1418.0,burned
513.0,523.0,589.0,653.0,709.0,720.0,861.0,1454.0,burned
571.0,518.0,553.0,625.0,684.0,708.0,831.0,1334.0,burned
560.0,511.0,553.0,601.0,678.0,660.0,814.0,1378.0,burned
565.0,498.0,552.0,590.0,669.0,646.0,821.0,1370.0,burned
533.0,473.0,537.0,579.0,628.0,624.0,784.0,1273.0,burned
519.0,488.0,528.0,590.0,648.0,625.0,821.0,1324.0,burned
518.0,501.0,535.0,597.0,656.0,656.0,809.0,1312.0,burned
494.0,503.0,541.0,612.0,672.0,643.0,842.0,1383.0,burned
496.0,551.0,592.0,643.0,692.0,724.0,924.0,1499.0,burned
500.0,549.0,599.0,648.0,693.0,755.0,896.0,1514.0,burned
523.0,506.0,547.0,626.0,675.0,697.0,865.0,1395.0,burned
530.0,516.0,519.0,634.0,711.0,707.0,873.0,1390.0,burned
537.0,479.0,522.0,622.0,648.0,704.0,825.0,1388.0,burned
543.0,532.0,564.0,653.0,701.0,697.0,890.0,1463.0,burned
564.0,521.0,545.0,613.0,675.0,696.0,817.0,1366.0,burned
488.0,508.0,531.0,599.0,663.0,667.0,822.0,1371.0,burned
502.0,503.0,536.0,590.0,652.0,653.0,820.0,1346.0,burned
528.0,486.0,552.0,577.0,629.0,636.0,762.0,1349.0,burned
540.0,490.0,534.0,585.0,666.0,641.0,810.0,1321.0,burned
540.0,491.0,535.0,593.0,681.0,675.0,806.0,1319.0,burned
551.0,503.0,541.0,625.0,685.0,702.0,844.0,1381.0,burned
533.0,526.0,597.0,645.0,710.0,765.0,902.0,1474.0,burned
520.0,530.0,598.0,645.0,682.0,756.0,889.0,1513.0,burned
571.0,504.0,538.0,637.0,656.0,688.0,826.0,1395.0,burned
464.0,528.0,536.0,623.0,714.0,684.0,881.0,1381.0,burned
514.0,515.0,541.0,615.0,620.0,692.0,895.0,1419.0,burned
549.0,516.0,554.0,617.0,668.0,690.0,847.0,1433.0,burned
539.0,514.0,557.0,636.0,688.0,688.0,890.0,1379.0,burned
521.0,522.0,565.0,624.0,680.0,694.0,857.0,1435.0,burned
535.0,497.0,569.0,603.0,653.0,653.0,844.0,1352.0,burned
527.0,481.0,555.0,598.0,652.0,660.0,823.0,1320.0,burned
565.0,543.0,540.0,610.0,653.0,663.0,764.0,1288.0,burned
547.0,478.0,523.0,597.0,643.0,667.0,794.0,1265.0,burned
549.0,487.0,539.0,624.0,698.0,707.0,845.0,1318.0,burned
487.0,534.0,580.0,670.0,691.0,723.0,883.0,1414.0,burned
543.0,530.0,593.0,631.0,709.0,759.0,887.0,1406.0,burned
553.0,519.0,594.0,658.0,704.0,724.0,873.0,1559.0,burned
512.0,500.0,536.0,636.0,657.0,707.0,854.0,1389.0,burned
520.0,500.0,557.0,632.0,691.0,698.0,840.0,1422.0,burned
508.0,501.0,542.0,630.0,704.0,691.0,765.0,1450.0,burned
542.0,526.0,550.0,642.0,681.0,697.0,826.0,1486.0,burned
515.0,503.0,570.0,638.0,680.0,706.0,816.0,1398.0,burned
500.0,508.0,564.0,617.0,667.0,687.0,868.0,1352.0,burned
496.0,500.0,562.0,623.0,681.0,687.0,813.0,1317.0,burned
540.0,522.0,557.0,621.0,687.0,668.0,851.0,1309.0,burned
543.0,511.0,549.0,604.0,661.0,676.0,814.0,1281.0,burned
541.0,492.0,547.0,636.0,716.0,659.0,838.0,1395.0,burned
588.0,501.0,568.0,649.0,724.0,712.0,844.0,1441.0,burned
612.0,508.0,616.0,701.0,722.0,722.0,872.0,1356.0,burned
541.0,529.0,583.0,652.0,750.0,732.0,971.0,1528.0,burned
521.0,533.0,603.0,647.0,693.0,710.0,887.0,1470.0,burned
534.0,498.0,571.0,633.0,705.0,692.0,892.0,1445.0,burned
516.0,514.0,554.0,631.0,692.0,697.0,897.0,1435.0,burned
518.0,505.0,566.0,622.0,704.0,697.0,866.0,1432.0,burned
562.0,528.0,586.0,661.0,705.0,716.0,877.0,1570.0,burned
511.0,528.0,576.0,656.0,687.0,697.0,830.0,1361.0,burned
514.0,512.0,593.0,662.0,687.0,716.0,799.0,1401.0,burned
555.0,501.0,581.0,609.0,646.0,670.0,890.0,1380.0,burned
544.0,504.0,563.0,624.0,675.0,704.0,790.0,1349.0,burned
548.0,517.0,557.0,628.0,691.0,698.0,880.0,1308.0,burned
584.0,512.0,562.0,588.0,662.0,671.0,832.0,1298.0,burned
559.0,502.0,563.0,662.0,694.0,655.0,847.0,1336.0,burned
541.0,519.0,570.0,658.0,707.0,729.0,870.0,1418.0,burned
545.0,496.0,613.0,673.0,732.0,717.0,846.0,1401.0,burned
552.0,501.0,588.0,669.0,747.0,742.0,973.0,1510.0,burned
571.0,511.0,595.0,664.0,687.0,712.0,897.0,1450.0,burned
522.0,505.0,573.0,658.0,708.0,688.0,899.0,1463.0,burned
521.0,514.0,560.0,627.0,691.0,698.0,870.0,1420.0,burned
531.0,497.0,578.0,625.0,715.0,706.0,861.0,1468.0,burned
525.0,486.0,542.0,609.0,671.0,707.0,847.0,1321.0,burned
521.0,487.0,578.0,602.0,665.0,714.0,803.0,1294.0,burned
516.0,490.0,572.0,603.0,682.0,653.0,817.0,1327.0,burned
531.0,519.0,570.0,617.0,659.0,725.0,852.0,1401.0,burned
536.0,519.0,564.0,618.0,656.0,719.0,861.0,1376.0,burned
529.0,511.0,588.0,618.0,692.0,714.0,885.0,1358.0,burned
532.0,516.0,588.0,658.0,704.0,669.0,884.0,1402.0,burned
490.0,502.0,570.0,667.0,697.0,732.0,867.0,1401.0,burned
557.0,529.0,604.0,629.0,693.0,732.0,887.0,1485.0,burned
561.0,517.0,582.0,671.0,731.0,708.0,877.0,1455.0,burned
557.0,507.0,568.0,646.0,736.0,723.0,888.0,1459.0,burned
523.0,493.0,579.0,655.0,687.0,705.0,900.0,1457.0,burned
493.0,509.0,542.0,622.0,660.0,705.0,891.0,1501.0,burned
535.0,495.0,589.0,638.0,708.0,720.0,929.0,1562.0,burned
525.0,511.0,536.0,625.0,672.0,660.0,786.0,1394.0,burned
532.0,528.0,555.0,614.0,685.0,687.0,828.0,1323.0,burned
531.0,503.0,559.0,618.0,679.0,665.0,820.0,1339.0,burned
543.0,508.0,568.0,612.0,666.0,663.0,800.0,1324.0,burned
514.0,518.0,560.0,618.0,669.0,702.0,842.0,1375.0,burned
548.0,511.0,560.0,624.0,686.0,681.0,848.0,1358.0,burned
591.0,521.0,576.0,624.0,706.0,713.0,876.0,1347.0,burned
499.0,519.0,597.0,635.0,703.0,685.0,866.0,1390.0,burned
537.0,504.0,578.0,636.0,707.0,697.0,857.0,1409.0,burned
552.0,488.0,582.0,637.0,680.0,727.0,876.0,1487.0,burned
568.0,513.0,574.0,641.0,724.0,712.0,905.0,1412.0,burned
545.0,519.0,565.0,645.0,748.0,716.0,904.0,1461.0,burned
504.0,512.0,574.0,634.0,675.0,707.0,874.0,1485.0,burned
528.0,512.0,568.0,635.0,716.0,715.0,911.0,1559.0,burned
515.0,506.0,549.0,615.0,671.0,616.0,807.0,1391.0,burned
516.0,502.0,541.0,586.0,647.0,698.0,830.0,1247.0,burned
519.0,490.0,547.0,602.0,662.0,699.0,842.0,1235.0,burned
535.0,522.0,565.0,628.0,693.0,672.0,763.0,1272.0,burned
483.0,483.0,559.0,615.0,656.0,682.0,890.0,1337.0,burned
483.0,467.0,563.0,624.0,672.0,672.0,835.0,1355.0,burned
532.0,513.0,564.0,636.0,706.0,698.0,873.0,1380.0,burned
576.0,516.0,582.0,625.0,704.0,678.0,850.0,1410.0,burned
600.0,523.0,589.0,617.0,700.0,686.0,859.0,1418.0,burned
556.0,524.0,607.0,654.0,701.0,723.0,873.0,1505.0,burned
533.0,485.0,560.0,654.0,730.0,719.0,909.0,1404.0,burned
521.0,497.0,559.0,649.0,718.0,704.0,897.0,1464.0,burned
511.0,508.0,570.0,617.0,662.0,706.0,843.0,1484.0,burned
510.0,521.0,560.0,646.0,724.0,721.0,896.0,1579.0,burned
524.0,511.0,535.0,617.0,663.0,660.0,836.0,1464.0,burned
510.0,495.0,574.0,614.0,644.0,681.0,866.0,1302.0,burned
495.0,500.0,586.0,626.0,648.0,697.0,854.0,1351.0,burned
519.0,497.0,541.0,667.0,668.0,668.0,885.0,1449.0,burned
556.0,516.0,571.0,634.0,644.0,675.0,791.0,1418.0,burned
510.0,490.0,565.0,635.0,659.0,679.0,860.0,1427.0,burned
508.0,503.0,548.0,628.0,680.0,679.0,770.0,1376.0,burned
514.0,492.0,577.0,619.0,688.0,667.0,891.0,1392.0,burned
560.0,533.0,594.0,623.0,698.0,682.0,919.0,1395.0,burned
504.0,529.0,600.0,631.0,684.0,716.0,861.0,1528.0,burned
502.0,511.0,543.0,634.0,649.0,705.0,885.0,1348.0,burned
531.0,507.0,537.0,631.0,675.0,714.0,877.0,1430.0,burned
515.0,514.0,554.0,610.0,681.0,690.0,869.0,1375.0,burned
502.0,513.0,589.0,667.0,707.0,725.0,897.0,1675.0,burned
506.0,496.0,564.0,635.0,652.0,673.0,860.0,1522.0,burned
520.0,506.0,559.0,618.0,667.0,673.0,840.0,1455.0,burned
541.0,516.0,577.0,620.0,687.0,722.0,866.0,1436.0,burned
547.0,493.0,569.0,631.0,680.0,698.0,848.0,1457.0,burned
565.0,497.0,541.0,609.0,665.0,667.0,852.0,1438.0,burned
567.0,519.0,562.0,628.0,647.0,687.0,806.0,1395.0,burned
560.0,502.0,569.0,632.0,724.0,708.0,840.0,1383.0,burned
605.0,532.0,570.0,638.0,688.0,722.0,858.0,1421.0,burned
552.0,528.0,569.0,625.0,675.0,721.0,869.0,1434.0,burned
537.0,517.0,559.0,621.0,673.0,715.0,873.0,1462.0,burned
527.0,502.0,548.0,635.0,725.0,693.0,897.0,1444.0,burned
511.0,485.0,570.0,642.0,673.0,698.0,892.0,1533.0,burned
547.0,488.0,559.0,640.0,666.0,673.0,879.0,1519.0,burned
580.0,492.0,548.0,593.0,661.0,671.0,869.0,1470.0,burned
495.0,508.0,541.0,629.0,650.0,698.0,831.0,1394.0,burned
487.0,502.0,549.0,634.0,686.0,719.0,876.0,1385.0,burned
585.0,532.0,575.0,636.0,700.0,724.0,824.0,1407.0,burned
549.0,517.0,564.0,641.0,678.0,729.0,858.0,1462.0,burned
528.0,516.0,571.0,635.0,675.0,732.0,870.0,1504.0,burned
563.0,472.0,554.0,654.0,738.0,660.0,925.0,1533.0,burned
540.0,508.0,548.0,612.0,674.0,669.0,850.0,1462.0,burned
531.0,503.0,568.0,601.0,672.0,691.0,862.0,1391.0,burned
474.0,477.0,571.0,636.0,699.0,680.0,874.0,1472.0,burned
503.0,480.0,584.0,626.0,679.0,686.0,859.0,1397.0,burned
519.0,497.0,576.0,623.0,687.0,687.0,820.0,1478.0,burned
500.0,519.0,566.0,690.0,701.0,701.0,953.0,1611.0,burned
521.0,485.0,600.0,632.0,652.0,710.0,833.0,1451.0,burned
520.0,487.0,606.0,642.0,673.0,719.0,880.0,1463.0,burned
568.0,530.0,554.0,606.0,657.0,673.0,816.0,1161.0,burned
587.0,533.0,578.0,641.0,663.0,667.0,760.0,1221.0,burned
594.0,553.0,595.0,612.0,669.0,677.0,808.0,1220.0,burned
558.0,552.0,587.0,627.0,645.0,671.0,788.0,1146.0,burned
592.0,510.0,569.0,628.0,659.0,671.0,752.0,1170.0,burned
572.0,515.0,587.0,622.0,662.0,666.0,767.0,1181.0,burned
583.0,527.0,588.0,636.0,676.0,671.0,807.0,1156.0,burned
567.0,545.0,566.0,616.0,689.0,674.0,790.0,1208.0,burned
569.0,542.0,562.0,608.0,646.0,664.0,685.0,1178.0,burned
578.0,549.0,584.0,630.0,632.0,662.0,780.0,1112.0,burned
585.0,520.0,572.0,632.0,664.0,679.0,728.0,1150.0,burned
561.0,522.0,585.0,629.0,670.0,683.0,751.0,1174.0,burned
546.0,529.0,584.0,623.0,671.0,674.0,785.0,1159.0,burned
536.0,554.0,558.0,625.0,674.0,664.0,770.0,1198.0,burned
592.0,549.0,581.0,637.0,690.0,690.0,805.0,1215.0,burned
575.0,564.0,602.0,653.0,735.0,711.0,829.0,1255.0,burned
556.0,522.0,575.0,595.0,629.0,638.0,742.0,1101.0,burned
575.0,541.0,580.0,620.0,660.0,666.0,738.0,1145.0,burned
571.0,547.0,564.0,620.0,662.0,681.0,720.0,1163.0,burned
604.0,535.0,586.0,649.0,673.0,694.0,773.0,1199.0,burned
571.0,553.0,584.0,635.0,704.0,683.0,730.0,1181.0,burned
602.0,573.0,580.0,640.0,722.0,683.0,776.0,1169.0,burned
573.0,551.0,594.0,668.0,726.0,712.0,821.0,1145.0,burned
586.0,549.0,602.0,641.0,672.0,698.0,816.0,1224.0,burned
577.0,546.0,584.0,611.0,673.0,691.0,792.0,1249.0,burned
594.0,546.0,584.0,639.0,681.0,701.0,826.0,1240.0,burned
554.0,506.0,560.0,606.0,643.0,665.0,750.0,1179.0,burned
539.0,530.0,567.0,608.0,634.0,662.0,761.0,1162.0,burned
619.0,520.0,587.0,622.0,645.0,656.0,714.0,1077.0,burned
565.0,547.0,586.0,647.0,680.0,674.0,799.0,1149.0,burned
518.0,555.0,596.0,640.0,697.0,692.0,750.0,1195.0,burned
532.0,547.0,586.0,635.0,645.0,697.0,764.0,1151.0,burned
599.0,544.0,600.0,632.0,701.0,667.0,789.0,1196.0,burned
605.0,544.0,598.0,640.0,704.0,690.0,782.0,1175.0,burned
586.0,543.0,575.0,641.0,655.0,694.0,798.0,1289.0,burned
624.0,546.0,579.0,630.0,675.0,731.0,772.0,1185.0,burned
616.0,562.0,582.0,649.0,692.0,712.0,738.0,1265.0,burned
556.0,533.0,564.0,606.0,648.0,655.0,752.0,1138.0,burned
539.0,546.0,569.0,611.0,645.0,662.0,742.0,1134.0,burned
626.0,502.0,581.0,627.0,642.0,660.0,727.0,1062.0,burned
522.0,558.0,596.0,637.0,679.0,676.0,812.0,1164.0,burned
530.0,562.0,598.0,646.0,681.0,687.0,754.0,1196.0,burned
568.0,533.0,590.0,624.0,640.0,688.0,758.0,1139.0,burned
600.0,547.0,580.0,629.0,670.0,672.0,736.0,1169.0,burned
607.0,541.0,586.0,629.0,679.0,690.0,728.0,1107.0,burned
591.0,573.0,580.0,640.0,689.0,721.0,823.0,1245.0,burned
592.0,551.0,579.0,653.0,722.0,729.0,812.0,1222.0,burned
605.0,563.0,584.0,664.0,722.0,758.0,829.0,1316.0,burned
581.0,537.0,579.0,614.0,645.0,665.0,757.0,1135.0,burned
600.0,536.0,563.0,615.0,663.0,669.0,748.0,1151.0,burned
612.0,542.0,554.0,606.0,649.0,655.0,750.0,1139.0,burned
552.0,531.0,554.0,622.0,633.0,665.0,776.0,1138.0,burned
571.0,526.0,551.0,614.0,675.0,679.0,735.0,1152.0,burned
560.0,536.0,561.0,610.0,664.0,681.0,728.0,1168.0,burned
554.0,546.0,588.0,612.0,669.0,672.0,721.0,1161.0,burned
594.0,526.0,603.0,629.0,682.0,704.0,723.0,1114.0,burned
586.0,540.0,576.0,626.0,674.0,687.0,751.0,1188.0,burned
574.0,543.0,586.0,662.0,699.0,687.0,812.0,1201.0,burned
566.0,553.0,605.0,668.0,732.0,769.0,838.0,1275.0,burned
561.0,513.0,567.0,621.0,664.0,656.0,791.0,1150.0,burned
539.0,522.0,564.0,641.0,645.0,674.0,721.0,1170.0,burned
524.0,521.0,554.0,626.0,633.0,662.0,720.0,1191.0,burned
561.0,515.0,550.0,610.0,639.0,658.0,770.0,1185.0,burned
526.0,537.0,560.0,593.0,645.0,665.0,767.0,1197.0,burned
560.0,536.0,567.0,606.0,666.0,663.0,749.0,1164.0,burned
573.0,535.0,567.0,614.0,647.0,653.0,737.0,1107.0,burned
582.0,542.0,563.0,624.0,657.0,666.0,758.0,1065.0,burned
608.0,535.0,586.0,609.0,649.0,676.0,782.0,1140.0,burned
551.0,543.0,602.0,659.0,693.0,698.0,773.0,1292.0,burned
620.0,553.0,612.0,664.0,736.0,767.0,861.0,1325.0,burned
549.0,497.0,556.0,612.0,635.0,687.0,754.0,1199.0,burned
568.0,515.0,580.0,586.0,634.0,667.0,738.0,1125.0,burned
566.0,518.0,560.0,639.0,643.0,669.0,690.0,1150.0,burned
547.0,522.0,555.0,624.0,634.0,660.0,681.0,1169.0,burned
553.0,531.0,549.0,604.0,659.0,656.0,715.0,1147.0,burned
553.0,530.0,560.0,592.0,634.0,664.0,753.0,1133.0,burned
602.0,531.0,563.0,603.0,649.0,644.0,726.0,1108.0,burned
544.0,514.0,560.0,628.0,679.0,671.0,733.0,1091.0,burned
562.0,514.0,561.0,650.0,643.0,658.0,753.0,1098.0,burned
562.0,520.0,578.0,630.0,677.0,685.0,774.0,1150.0,burned
557.0,538.0,606.0,640.0,709.0,727.0,798.0,1338.0,burned
551.0,537.0,573.0,604.0,628.0,660.0,821.0,1160.0,burned
539.0,508.0,564.0,643.0,679.0,672.0,735.0,1193.0,burned
560.0,510.0,555.0,618.0,649.0,672.0,768.0,1137.0,burned
591.0,515.0,551.0,614.0,640.0,657.0,710.0,1100.0,burned
564.0,536.0,561.0,572.0,642.0,658.0,680.0,1117.0,burned
585.0,509.0,554.0,605.0,633.0,641.0,787.0,1003.0,burned
571.0,513.0,564.0,595.0,628.0,646.0,775.0,1035.0,burned
549.0,533.0,558.0,601.0,632.0,642.0,778.0,1107.0,burned
562.0,546.0,555.0,593.0,656.0,685.0,725.0,1149.0,burned
586.0,559.0,567.0,649.0,639.0,672.0,764.0,1122.0,burned
581.0,559.0,614.0,656.0,708.0,720.0,891.0,1255.0,burned
551.0,537.0,572.0,578.0,633.0,664.0,714.0,1147.0,burned
551.0,543.0,578.0,586.0,630.0,669.0,704.0,1139.0,burned
547.0,537.0,554.0,620.0,652.0,637.0,748.0,1153.0,burned
578.0,554.0,569.0,594.0,626.0,666.0,737.0,1143.0,burned
560.0,536.0,542.0,605.0,635.0,630.0,742.0,1094.0,burned
607.0,511.0,566.0,591.0,637.0,664.0,676.0,1103.0,burned
548.0,533.0,558.0,603.0,648.0,652.0,665.0,1133.0,burned
536.0,526.0,576.0,611.0,640.0,660.0,675.0,1102.0,burned
583.0,509.0,573.0,594.0,649.0,687.0,752.0,1127.0,burned
579.0,536.0,572.0,606.0,690.0,702.0,804.0,1182.0,burned
583.0,553.0,574.0,617.0,695.0,719.0,859.0,1203.0,burned
552.0,525.0,575.0,592.0,643.0,671.0,697.0,1153.0,burned
553.0,535.0,579.0,597.0,630.0,660.0,700.0,1157.0,burned
554.0,540.0,549.0,599.0,648.0,639.0,775.0,1164.0,burned
560.0,532.0,573.0,586.0,616.0,671.0,772.0,1081.0,burned
515.0,515.0,537.0,620.0,643.0,624.0,766.0,1117.0,burned
605.0,514.0,557.0,601.0,636.0,647.0,685.0,1100.0,burned
577.0,529.0,557.0,589.0,666.0,680.0,682.0,1150.0,burned
578.0,538.0,574.0,582.0,654.0,673.0,697.0,1143.0,burned
577.0,546.0,582.0,638.0,672.0,685.0,770.0,1181.0,burned
574.0,551.0,578.0,624.0,703.0,720.0,803.0,1228.0,burned
574.0,571.0,584.0,620.0,712.0,746.0,852.0,1219.0,burned
570.0,530.0,579.0,614.0,647.0,695.0,760.0,1200.0,burned
551.0,499.0,572.0,608.0,646.0,666.0,723.0,1086.0,burned
547.0,505.0,569.0,589.0,629.0,651.0,725.0,1123.0,burned
569.0,544.0,560.0,598.0,639.0,616.0,687.0,1177.0,burned
592.0,524.0,557.0,598.0,616.0,649.0,720.0,1109.0,burned
626.0,536.0,556.0,589.0,648.0,644.0,746.0,1090.0,burned
585.0,513.0,580.0,614.0,640.0,644.0,718.0,1134.0,burned
604.0,552.0,590.0,652.0,697.0,718.0,753.0,1145.0,burned
591.0,547.0,573.0,650.0,680.0,679.0,750.0,1221.0,burned
556.0,543.0,592.0,644.0,696.0,695.0,770.0,1218.0,burned
568.0,562.0,606.0,650.0,696.0,753.0,823.0,1291.0,burned
535.0,524.0,584.0,618.0,645.0,678.0,782.0,1219.0,burned
536.0,540.0,547.0,606.0,656.0,643.0,736.0,1168.0,burned
549.0,537.0,555.0,615.0,637.0,645.0,723.0,1091.0,burned
575.0,540.0,564.0,595.0,610.0,666.0,720.0,1122.0,burned
566.0,531.0,555.0,635.0,669.0,684.0,731.0,1154.0,burned
570.0,524.0,562.0,634.0,666.0,687.0,743.0,1179.0,burned
539.0,538.0,550.0,633.0,669.0,683.0,723.0,1127.0,burned
554.0,562.0,578.0,675.0,701.0,721.0,769.0,1189.0,burned
583.0,565.0,578.0,691.0,697.0,722.0,749.0,1215.0,burned
602.0,568.0,618.0,663.0,686.0,739.0,804.0,1229.0,burned
548.0,543.0,586.0,635.0,719.0,752.0,866.0,1268.0,burned
585.0,558.0,574.0,650.0,697.0,694.0,787.0,1198.0,burned
527.0,522.0,582.0,626.0,646.0,698.0,791.0,1221.0,burned
547.0,532.0,541.0,601.0,650.0,639.0,742.0,1109.0,burned
545.0,531.0,550.0,601.0,601.0,663.0,746.0,1088.0,burned
562.0,537.0,562.0,591.0,635.0,626.0,715.0,1126.0,burned
537.0,541.0,566.0,622.0,684.0,690.0,735.0,1175.0,burned
561.0,541.0,582.0,623.0,667.0,691.0,738.0,1198.0,burned
588.0,549.0,602.0,638.0,689.0,689.0,716.0,1121.0,burned
603.0,560.0,581.0,672.0,686.0,718.0,776.0,1203.0,burned
612.0,566.0,594.0,673.0,713.0,730.0,759.0,1226.0,burned
591.0,568.0,629.0,670.0,682.0,743.0,816.0,1263.0,burned
557.0,551.0,581.0,638.0,692.0,688.0,770.0,1214.0,burned
523.0,533.0,572.0,606.0,661.0,671.0,759.0,1198.0,burned
560.0,543.0,566.0,604.0,646.0,652.0,722.0,1161.0,burned
562.0,538.0,564.0,601.0,636.0,647.0,727.0,1133.0,burned
562.0,533.0,530.0,597.0,637.0,657.0,708.0,1149.0,burned
507.0,540.0,556.0,617.0,634.0,678.0,772.0,1171.0,burned
582.0,520.0,574.0,634.0,622.0,675.0,727.0,1147.0,burned
549.0,543.0,590.0,629.0,694.0,700.0,733.0,1166.0,burned
569.0,573.0,611.0,651.0,687.0,753.0,792.0,1251.0,burned
579.0,579.0,632.0,693.0,696.0,744.0,848.0,1243.0,burned
582.0,553.0,615.0,650.0,708.0,739.0,834.0,1282.0,burned
566.0,531.0,591.0,628.0,670.0,709.0,798.0,1229.0,burned
553.0,538.0,581.0,647.0,679.0,694.0,796.0,1213.0,burned
549.0,559.0,570.0,610.0,654.0,663.0,769.0,1212.0,burned
562.0,549.0,587.0,637.0,673.0,700.0,777.0,1183.0,burned
566.0,540.0,585.0,621.0,646.0,680.0,706.0,1167.0,burned
556.0,536.0,568.0,620.0,652.0,658.0,765.0,1218.0,burned
553.0,546.0,575.0,623.0,682.0,693.0,725.0,1163.0,burned
536.0,549.0,578.0,626.0,681.0,708.0,736.0,1123.0,burned
585.0,544.0,585.0,645.0,674.0,722.0,797.0,1168.0,burned
558.0,559.0,602.0,657.0,716.0,777.0,857.0,1291.0,burned
551.0,568.0,633.0,644.0,703.0,724.0,884.0,1288.0,burned
581.0,532.0,623.0,639.0,669.0,715.0,782.0,1284.0,burned
568.0,554.0,587.0,643.0,679.0,712.0,797.0,1223.0,burned
565.0,560.0,575.0,640.0,663.0,694.0,814.0,1213.0,burned
565.0,541.0,569.0,629.0,654.0,693.0,746.0,1139.0,burned
562.0,536.0,596.0,612.0,660.0,691.0,728.0,1140.0,burned
577.0,541.0,593.0,629.0,648.0,688.0,715.0,1178.0,burned
562.0,537.0,576.0,637.0,643.0,664.0,762.0,1220.0,burned
568.0,538.0,582.0,624.0,657.0,692.0,760.0,1214.0,burned
570.0,544.0,587.0,624.0,672.0,718.0,756.0,1195.0,burned
583.0,538.0,569.0,645.0,677.0,719.0,780.0,1183.0,burned
554.0,565.0,579.0,632.0,696.0,739.0,837.0,1316.0,burned
541.0,554.0,622.0,630.0,732.0,707.0,852.0,1289.0,burned
574.0,525.0,586.0,612.0,670.0,709.0,785.0,1251.0,burned
583.0,546.0,561.0,600.0,646.0,664.0,815.0,1186.0,burned
594.0,542.0,573.0,609.0,661.0,672.0,792.0,1210.0,burned
541.0,519.0,555.0,614.0,646.0,657.0,772.0,1234.0,burned
599.0,520.0,579.0,610.0,662.0,701.0,708.0,1168.0,burned
578.0,540.0,587.0,634.0,672.0,709.0,662.0,1205.0,burned
602.0,558.0,581.0,633.0,652.0,701.0,801.0,1143.0,burned
577.0,547.0,573.0,621.0,653.0,695.0,742.0,1237.0,burned
537.0,543.0,609.0,669.0,674.0,699.0,757.0,1246.0,burned
591.0,570.0,586.0,614.0,708.0,687.0,774.0,1146.0,burned
558.0,565.0,603.0,653.0,722.0,754.0,800.0,1367.0,burned
581.0,541.0,575.0,629.0,683.0,695.0,781.0,1278.0,burned
547.0,525.0,535.0,632.0,677.0,680.0,767.0,1223.0,burned
585.0,535.0,558.0,623.0,649.0,671.0,785.0,1205.0,burned
578.0,541.0,569.0,610.0,614.0,664.0,769.0,1142.0,burned
564.0,516.0,554.0,605.0,656.0,710.0,746.0,1224.0,burned
629.0,537.0,569.0,612.0,650.0,689.0,742.0,1214.0,burned
616.0,536.0,573.0,624.0,660.0,690.0,734.0,1242.0,burned
548.0,557.0,574.0,622.0,650.0,699.0,807.0,1268.0,burned
581.0,541.0,591.0,641.0,657.0,700.0,780.0,1224.0,burned
560.0,591.0,568.0,645.0,668.0,707.0,789.0,1219.0,burned
588.0,552.0,622.0,647.0,724.0,720.0,793.0,1298.0,burned
574.0,555.0,634.0,684.0,726.0,777.0,866.0,1326.0,burned
578.0,554.0,557.0,604.0,672.0,692.0,787.0,1260.0,burned
523.0,524.0,530.0,614.0,654.0,678.0,718.0,1237.0,burned
574.0,537.0,566.0,588.0,649.0,649.0,783.0,1207.0,burned
569.0,532.0,572.0,601.0,654.0,653.0,745.0,1167.0,burned
581.0,521.0,570.0,603.0,648.0,684.0,731.0,1207.0,burned
568.0,536.0,578.0,603.0,653.0,676.0,784.0,1211.0,burned
582.0,533.0,573.0,608.0,657.0,698.0,776.0,1257.0,burned
554.0,570.0,574.0,630.0,666.0,687.0,766.0,1199.0,burned
592.0,551.0,593.0,639.0,670.0,708.0,818.0,1242.0,burned
587.0,604.0,573.0,641.0,679.0,715.0,827.0,1243.0,burned
590.0,557.0,603.0,662.0,730.0,760.0,824.0,1321.0,burned
522.0,526.0,561.0,615.0,641.0,682.0,776.0,1232.0,burned
537.0,535.0,576.0,617.0,679.0,672.0,722.0,1213.0,burned
554.0,533.0,557.0,609.0,635.0,688.0,729.0,1205.0,burned
583.0,530.0,539.0,603.0,636.0,676.0,722.0,1221.0,burned
575.0,520.0,555.0,589.0,635.0,658.0,744.0,1189.0,burned
585.0,548.0,574.0,604.0,655.0,673.0,761.0,1170.0,burned
566.0,552.0,567.0,612.0,664.0,680.0,773.0,1128.0,burned
573.0,563.0,578.0,629.0,694.0,720.0,769.0,1315.0,burned
578.0,551.0,602.0,634.0,708.0,713.0,812.0,1403.0,burned
586.0,552.0,614.0,629.0,693.0,722.0,815.0,1423.0,burned
587.0,548.0,592.0,638.0,681.0,749.0,860.0,1445.0,burned
557.0,532.0,562.0,612.0,639.0,670.0,741.0,1217.0,burned
554.0,502.0,539.0,601.0,623.0,676.0,765.0,1230.0,burned
556.0,541.0,556.0,594.0,659.0,679.0,767.0,1301.0,burned
560.0,552.0,582.0,621.0,664.0,678.0,772.0,1318.0,burned
564.0,544.0,581.0,630.0,681.0,690.0,750.0,1289.0,burned
560.0,532.0,590.0,635.0,680.0,689.0,811.0,1415.0,burned
571.0,547.0,586.0,637.0,673.0,738.0,797.0,1456.0,burned
554.0,549.0,585.0,645.0,660.0,692.0,765.0,1388.0,burned
560.0,542.0,588.0,634.0,670.0,709.0,752.0,1364.0,burned
541.0,540.0,594.0,621.0,647.0,698.0,818.0,1390.0,burned
571.0,554.0,579.0,639.0,700.0,722.0,851.0,1477.0,burned
720.0,720.0,869.0,983.0,1021.0,1031.0,1269.0,2170.0,burned
703.0,722.0,850.0,975.0,1017.0,1003.0,1238.0,2150.0,burned
693.0,713.0,856.0,954.0,1011.0,1032.0,1263.0,2174.0,burned
667.0,709.0,856.0,969.0,1023.0,1033.0,1244.0,2208.0,burned
744.0,729.0,845.0,960.0,1022.0,1036.0,1201.0,2109.0,burned
732.0,713.0,875.0,992.0,1056.0,1001.0,1304.0,2183.0,burned
703.0,709.0,842.0,974.0,1027.0,1039.0,1219.0,2097.0,burned
704.0,709.0,839.0,956.0,1020.0,1049.0,1214.0,2156.0,burned
676.0,691.0,856.0,965.0,1018.0,1011.0,1248.0,2132.0,burned
753.0,723.0,863.0,939.0,1022.0,1036.0,1297.0,2052.0,burned
748.0,731.0,857.0,948.0,1022.0,1040.0,1201.0,2106.0,burned
738.0,740.0,881.0,994.0,1035.0,1074.0,1296.0,2067.0,burned
746.0,713.0,858.0,1010.0,999.0,1015.0,1267.0,2114.0,burned
725.0,710.0,839.0,972.0,998.0,1015.0,1230.0,2085.0,burned
701.0,713.0,850.0,960.0,1001.0,1011.0,1242.0,2167.0,burned
756.0,708.0,841.0,949.0,1008.0,1010.0,1215.0,2140.0,burned
696.0,719.0,862.0,939.0,1002.0,1045.0,1164.0,2080.0,burned
741.0,729.0,884.0,950.0,1001.0,1046.0,1222.0,2047.0,burned
770.0,743.0,902.0,988.0,1034.0,1084.0,1288.0,2190.0,burned
689.0,705.0,868.0,965.0,1071.0,1039.0,1314.0,2109.0,burned
737.0,718.0,856.0,991.0,1009.0,1024.0,1211.0,2119.0,burned
717.0,693.0,841.0,944.0,1021.0,1024.0,1207.0,2034.0,burned
697.0,715.0,854.0,941.0,1014.0,1023.0,1256.0,2056.0,burned
772.0,714.0,861.0,939.0,999.0,1013.0,1200.0,2082.0,burned
715.0,717.0,852.0,941.0,991.0,1051.0,1205.0,2115.0,burned
758.0,728.0,854.0,936.0,995.0,1080.0,1226.0,2111.0,burned
780.0,739.0,905.0,993.0,1052.0,1097.0,1279.0,2209.0,burned
758.0,717.0,853.0,967.0,1040.0,1053.0,1229.0,2143.0,burned
737.0,710.0,858.0,961.0,1037.0,1038.0,1201.0,2176.0,burned
695.0,715.0,868.0,941.0,999.0,1015.0,1237.0,2132.0,burned
776.0,726.0,852.0,966.0,1029.0,1015.0,1290.0,2131.0,burned
718.0,724.0,851.0,963.0,999.0,1023.0,1258.0,2112.0,burned
717.0,708.0,859.0,925.0,985.0,995.0,1205.0,2145.0,burned
726.0,715.0,844.0,960.0,982.0,1055.0,1218.0,2038.0,burned
754.0,734.0,845.0,963.0,996.0,1056.0,1226.0,2064.0,burned
726.0,726.0,858.0,960.0,998.0,1054.0,1233.0,2088.0,burned
720.0,722.0,856.0,955.0,1008.0,1036.0,1258.0,2050.0,burned
715.0,718.0,852.0,943.0,1005.0,1013.0,1260.0,2042.0,burned
725.0,726.0,852.0,989.0,1005.0,1007.0,1234.0,2099.0,burned
746.0,709.0,863.0,974.0,998.0,1027.0,1248.0,2028.0,burned
741.0,733.0,857.0,970.0,995.0,1018.0,1216.0,2051.0,burned
724.0,720.0,827.0,930.0,971.0,996.0,1217.0,2140.0,burned
748.0,730.0,900.0,950.0,1017.0,1041.0,1187.0,2199.0,burned
707.0,726.0,888.0,977.0,1017.0,1062.0,1217.0,2069.0,burned
716.0,726.0,844.0,956.0,989.0,1041.0,1236.0,2044.0,burned
761.0,724.0,870.0,955.0,1005.0,1039.0,1199.0,2095.0,burned
708.0,708.0,840.0,928.0,1005.0,1037.0,1239.0,2044.0,burned
752.0,729.0,876.0,971.0,1004.0,1014.0,1212.0,2092.0,burned
695.0,714.0,856.0,965.0,990.0,1010.0,1211.0,2114.0,burned
717.0,726.0,856.0,955.0,992.0,1006.0,1208.0,2073.0,burned
762.0,697.0,851.0,924.0,978.0,989.0,1231.0,2163.0,burned
693.0,736.0,873.0,975.0,1030.0,1041.0,1215.0,2145.0,burned
750.0,724.0,855.0,938.0,984.0,1015.0,1218.0,2097.0,burned
660.0,714.0,825.0,961.0,1021.0,1020.0,1210.0,2056.0,burned
744.0,719.0,867.0,956.0,991.0,1012.0,1236.0,2083.0,burned
756.0,703.0,864.0,947.0,999.0,1007.0,1224.0,2098.0,burned
663.0,730.0,861.0,944.0,999.0,972.0,1237.0,2031.0,burned
768.0,717.0,842.0,935.0,987.0,971.0,1190.0,2055.0,burned
769.0,724.0,825.0,954.0,986.0,990.0,1208.0,2117.0,burned
729.0,731.0,890.0,954.0,1040.0,1045.0,1241.0,2131.0,burned
720.0,740.0,902.0,989.0,1071.0,1088.0,1264.0,2127.0,burned
690.0,703.0,867.0,936.0,1013.0,1020.0,1217.0,2029.0,burned
691.0,713.0,856.0,936.0,999.0,998.0,1231.0,2068.0,burned
716.0,722.0,862.0,944.0,984.0,998.0,1205.0,2102.0,burned
692.0,725.0,859.0,981.0,1014.0,989.0,1245.0,1990.0,burned
696.0,729.0,861.0,969.0,1001.0,998.0,1277.0,2014.0,burned
712.0,733.0,873.0,956.0,1021.0,1031.0,1209.0,2049.0,burned
718.0,726.0,850.0,941.0,983.0,980.0,1179.0,2066.0,burned
708.0,715.0,847.0,947.0,1025.0,1022.0,1215.0,2122.0,burned
773.0,766.0,890.0,972.0,1014.0,1066.0,1255.0,2117.0,burned
732.0,737.0,861.0,954.0,1054.0,1031.0,1238.0,2167.0,burned
692.0,685.0,851.0,952.0,1015.0,1020.0,1241.0,2082.0,burned
675.0,720.0,849.0,962.0,996.0,1009.0,1190.0,2070.0,burned
704.0,731.0,840.0,975.0,1002.0,992.0,1290.0,2061.0,burned
734.0,722.0,856.0,966.0,1025.0,990.0,1266.0,2039.0,burned
762.0,734.0,865.0,972.0,1030.0,995.0,1261.0,2046.0,burned
740.0,728.0,868.0,971.0,1043.0,1016.0,1224.0,2023.0,burned
764.0,735.0,863.0,947.0,1005.0,1024.0,1205.0,2089.0,burned
761.0,757.0,862.0,926.0,1015.0,1050.0,1224.0,2151.0,burned
745.0,769.0,896.0,986.0,1068.0,1091.0,1268.0,2103.0,burned
710.0,718.0,885.0,962.0,1039.0,1038.0,1240.0,2207.0,burned
703.0,691.0,889.0,951.0,1033.0,1029.0,1229.0,2114.0,burned
691.0,711.0,891.0,954.0,1033.0,1023.0,1221.0,2112.0,burned
712.0,712.0,874.0,998.0,1016.0,1023.0,1195.0,2039.0,burned
724.0,722.0,886.0,966.0,1014.0,1021.0,1223.0,2061.0,burned
704.0,713.0,882.0,981.0,1014.0,1034.0,1233.0,2072.0,burned
732.0,774.0,871.0,988.0,1029.0,1094.0,1231.0,2056.0,burned
720.0,741.0,864.0,998.0,1037.0,1074.0,1274.0,2060.0,burned
721.0,754.0,873.0,992.0,1050.0,1094.0,1283.0,2084.0,burned
673.0,727.0,827.0,985.0,1034.0,1012.0,1284.0,2271.0,burned
703.0,708.0,870.0,976.0,1003.0,1039.0,1278.0,2218.0,burned
716.0,698.0,877.0,964.0,1002.0,1011.0,1229.0,2193.0,burned
723.0,695.0,877.0,971.0,979.0,1019.0,1224.0,2214.0,burned
716.0,709.0,851.0,977.0,1010.0,993.0,1255.0,2218.0,burned
713.0,723.0,880.0,978.0,1036.0,1033.0,1225.0,2118.0,burned
717.0,733.0,879.0,980.0,1048.0,1045.0,1211.0,2078.0,burned
750.0,745.0,880.0,1015.0,1044.0,1062.0,1298.0,2084.0,burned
745.0,770.0,887.0,1000.0,1081.0,1108.0,1256.0,2014.0,burned
750.0,792.0,908.0,1017.0,1080.0,1122.0,1305.0,2080.0,burned
680.0,733.0,874.0,966.0,1034.0,1040.0,1226.0,2182.0,burned
635.0,722.0,870.0,964.0,1029.0,1012.0,1270.0,2237.0,burned
712.0,716.0,879.0,979.0,988.0,1028.0,1304.0,2234.0,burned
702.0,711.0,860.0,959.0,1015.0,1003.0,1242.0,2092.0,burned
714.0,710.0,862.0,959.0,984.0,994.0,1284.0,2135.0,burned
749.0,714.0,868.0,969.0,992.0,1018.0,1267.0,2248.0,burned
703.0,723.0,875.0,987.0,1034.0,1029.0,1254.0,2093.0,burned
716.0,733.0,875.0,994.0,1050.0,1038.0,1227.0,2058.0,burned
744.0,751.0,885.0,1004.0,1046.0,1048.0,1278.0,2089.0,burned
732.0,748.0,911.0,1026.0,1107.0,1113.0,1274.0,2023.0,burned
674.0,743.0,884.0,997.0,1060.0,1035.0,1321.0,2303.0,burned
692.0,739.0,863.0,984.0,1035.0,1033.0,1315.0,2240.0,burned
704.0,731.0,858.0,999.0,1054.0,1027.0,1308.0,2274.0,burned
688.0,720.0,883.0,987.0,1031.0,1009.0,1263.0,2236.0,burned
694.0,718.0,853.0,982.0,1004.0,997.0,1267.0,2196.0,burned
727.0,717.0,851.0,979.0,1036.0,1002.0,1275.0,2211.0,burned
685.0,718.0,891.0,974.0,1043.0,987.0,1266.0,2211.0,burned
683.0,718.0,868.0,986.0,999.0,995.0,1275.0,2110.0,burned
693.0,724.0,877.0,988.0,1009.0,1012.0,1229.0,2091.0,burned
707.0,754.0,890.0,1000.0,1049.0,1083.0,1318.0,2103.0,burned
740.0,741.0,926.0,966.0,1087.0,1127.0,1295.0,2143.0,burned
731.0,724.0,883.0,993.0,1031.0,1061.0,1371.0,2303.0,burned
669.0,703.0,881.0,996.0,1028.0,1033.0,1281.0,2216.0,burned
684.0,713.0,884.0,1003.0,1028.0,1021.0,1241.0,2250.0,burned
687.0,696.0,856.0,1007.0,1003.0,993.0,1304.0,2314.0,burned
686.0,708.0,892.0,973.0,986.0,984.0,1246.0,2166.0,burned
678.0,711.0,872.0,971.0,992.0,987.0,1244.0,2118.0,burned
710.0,716.0,880.0,975.0,1013.0,1018.0,1277.0,2264.0,burned
788.0,716.0,834.0,975.0,1039.0,1017.0,1277.0,2137.0,burned
695.0,725.0,840.0,984.0,1040.0,1011.0,1275.0,2132.0,burned
653.0,750.0,869.0,1006.0,1069.0,1068.0,1227.0,2182.0,burned
710.0,727.0,867.0,971.0,1031.0,1003.0,1290.0,2320.0,burned
728.0,710.0,885.0,994.0,1027.0,1004.0,1355.0,2276.0,burned
666.0,692.0,872.0,979.0,1020.0,1031.0,1262.0,2233.0,burned
703.0,710.0,868.0,977.0,1022.0,1014.0,1233.0,2291.0,burned
659.0,667.0,845.0,982.0,1001.0,984.0,1323.0,2310.0,burned
690.0,711.0,886.0,984.0,985.0,977.0,1227.0,2206.0,burned
698.0,713.0,872.0,981.0,995.0,982.0,1239.0,2200.0,burned
663.0,715.0,877.0,975.0,994.0,1024.0,1275.0,2238.0,burned
738.0,715.0,841.0,979.0,1011.0,1041.0,1274.0,2256.0,burned
679.0,729.0,870.0,994.0,1030.0,1037.0,1240.0,2168.0,burned
699.0,751.0,874.0,1008.0,1085.0,1073.0,1270.0,2186.0,burned
654.0,705.0,881.0,974.0,1027.0,1007.0,1295.0,2348.0,burned
662.0,693.0,874.0,973.0,1041.0,1002.0,1297.0,2327.0,burned
711.0,708.0,874.0,971.0,1024.0,975.0,1333.0,2278.0,burned
673.0,715.0,869.0,966.0,1035.0,1045.0,1318.0,2310.0,burned
657.0,705.0,855.0,963.0,1036.0,1014.0,1281.0,2293.0,burned
695.0,675.0,830.0,954.0,996.0,967.0,1229.0,2321.0,burned
703.0,710.0,867.0,965.0,994.0,962.0,1264.0,2239.0,burned
667.0,712.0,868.0,951.0,1011.0,975.0,1312.0,2157.0,burned
695.0,706.0,850.0,977.0,1027.0,1010.0,1276.0,2211.0,burned
726.0,713.0,867.0,990.0,1020.0,1052.0,1289.0,2209.0,burned
724.0,735.0,893.0,1006.0,1047.0,1070.0,1251.0,2267.0,burned
675.0,701.0,892.0,960.0,1035.0,1033.0,1329.0,2310.0,burned
744.0,695.0,855.0,1022.0,1033.0,1041.0,1304.0,2392.0,burned
692.0,706.0,880.0,1027.0,1068.0,1050.0,1349.0,2316.0,burned
679.0,723.0,904.0,1033.0,1037.0,1028.0,1315.0,2319.0,burned
700.0,723.0,887.0,1016.0,1045.0,1014.0,1300.0,2306.0,burned
751.0,721.0,878.0,1004.0,1055.0,1001.0,1315.0,2315.0,burned
654.0,680.0,857.0,969.0,1010.0,1001.0,1180.0,2323.0,burned
727.0,728.0,849.0,985.0,1028.0,986.0,1289.0,2310.0,burned
708.0,716.0,850.0,1001.0,1030.0,988.0,1274.0,2287.0,burned
663.0,713.0,860.0,979.0,1024.0,1020.0,1313.0,2159.0,burned
688.0,732.0,896.0,1008.0,1066.0,1083.0,1222.0,2168.0,burned
708.0,755.0,907.0,1021.0,1084.0,1107.0,1239.0,2148.0,burned
744.0,713.0,896.0,984.0,1043.0,1050.0,1291.0,2312.0,burned
675.0,690.0,867.0,1030.0,1041.0,1040.0,1347.0,2378.0,burned
686.0,707.0,886.0,1038.0,1055.0,1072.0,1353.0,2313.0,burned
665.0,741.0,925.0,1052.0,1047.0,1064.0,1321.0,2318.0,burned
657.0,723.0,874.0,1026.0,1029.0,1028.0,1304.0,2283.0,burned
674.0,710.0,873.0,1013.0,1045.0,1001.0,1260.0,2257.0,burned
686.0,684.0,862.0,984.0,1035.0,1032.0,1241.0,2252.0,burned
691.0,717.0,850.0,999.0,1030.0,997.0,1255.0,2276.0,burned
686.0,698.0,843.0,999.0,1023.0,1003.0,1209.0,2261.0,burned
694.0,713.0,880.0,988.0,1022.0,1031.0,1273.0,2207.0,burned
688.0,739.0,896.0,1015.0,1069.0,1082.0,1224.0,2155.0,burned
708.0,685.0,875.0,987.0,1055.0,1029.0,1373.0,2291.0,burned
639.0,690.0,897.0,994.0,1039.0,1011.0,1345.0,2326.0,burned
698.0,702.0,893.0,962.0,1027.0,995.0,1306.0,2290.0,burned
746.0,715.0,886.0,1008.0,1028.0,1038.0,1330.0,2315.0,burned
695.0,724.0,883.0,1029.0,1050.0,1039.0,1328.0,2338.0,burned
776.0,703.0,880.0,1024.0,1082.0,1057.0,1335.0,2376.0,burned
722.0,718.0,855.0,1026.0,1081.0,1072.0,1333.0,2380.0,burned
695.0,712.0,903.0,1039.0,1077.0,1033.0,1314.0,2311.0,burned
731.0,713.0,861.0,987.0,1026.0,1026.0,1305.0,2248.0,burned
726.0,712.0,869.0,985.0,1023.0,1026.0,1288.0,2156.0,burned
728.0,728.0,874.0,1001.0,1040.0,1059.0,1255.0,2181.0,burned
736.0,736.0,904.0,1031.0,1084.0,1151.0,1285.0,2291.0,burned
647.0,711.0,873.0,984.0,1017.0,1015.0,1315.0,2304.0,burned
663.0,705.0,884.0,1001.0,1010.0,1017.0,1336.0,2313.0,burned
695.0,702.0,881.0,1009.0,1013.0,1021.0,1308.0,2317.0,burned
712.0,715.0,863.0,1011.0,997.0,1038.0,1362.0,2299.0,burned
720.0,710.0,873.0,1009.0,1005.0,1002.0,1325.0,2289.0,burned
695.0,712.0,875.0,1010.0,1001.0,1012.0,1312.0,2337.0,burned
653.0,721.0,884.0,1021.0,1016.0,1035.0,1347.0,2365.0,burned
679.0,703.0,856.0,988.0,1015.0,1014.0,1306.0,2256.0,burned
712.0,710.0,873.0,987.0,1018.0,1017.0,1307.0,2184.0,burned
702.0,733.0,846.0,991.0,1045.0,1047.0,1252.0,2191.0,burned
696.0,692.0,878.0,981.0,1010.0,998.0,1344.0,2310.0,burned
691.0,711.0,877.0,999.0,1031.0,1009.0,1301.0,2326.0,burned
690.0,722.0,879.0,999.0,1016.0,1015.0,1351.0,2301.0,burned
735.0,707.0,881.0,996.0,997.0,1017.0,1360.0,2318.0,burned
700.0,705.0,878.0,994.0,1033.0,1011.0,1293.0,2327.0,burned
635.0,701.0,838.0,982.0,1016.0,1005.0,1248.0,2275.0,burned
655.0,710.0,877.0,979.0,1016.0,1031.0,1258.0,2227.0,burned
696.0,734.0,843.0,986.0,1045.0,1047.0,1203.0,2201.0,burned
645.0,672.0,898.0,984.0,1022.0,1015.0,1332.0,2422.0,burned
667.0,726.0,884.0,1010.0,1046.0,1029.0,1369.0,2317.0,burned
667.0,728.0,868.0,1005.0,1039.0,1026.0,1306.0,2277.0,burned
658.0,706.0,852.0,968.0,1018.0,985.0,1276.0,2168.0,burned
760.0,696.0,857.0,966.0,1007.0,978.0,1297.0,2061.0,burned
771.0,708.0,866.0,976.0,1015.0,998.0,1242.0,2135.0,burned
674.0,712.0,852.0,974.0,972.0,1019.0,1242.0,2265.0,burned
727.0,702.0,834.0,943.0,992.0,988.0,1270.0,2201.0,burned
651.0,701.0,843.0,959.0,1003.0,1009.0,1200.0,2222.0,burned
692.0,698.0,844.0,977.0,1003.0,1022.0,1229.0,2216.0,burned
625.0,591.0,685.0,803.0,898.0,930.0,1122.0,1740.0,burned
629.0,593.0,701.0,811.0,904.0,944.0,1124.0,1751.0,burned
608.0,593.0,664.0,764.0,884.0,926.0,1102.0,1706.0,burned
603.0,589.0,675.0,782.0,880.0,940.0,1120.0,1706.0,burned
599.0,584.0,677.0,796.0,872.0,954.0,1132.0,1615.0,burned
590.0,609.0,702.0,807.0,902.0,944.0,1060.0,1729.0,burned
589.0,560.0,671.0,785.0,870.0,936.0,1052.0,1704.0,burned
545.0,552.0,665.0,780.0,865.0,936.0,1070.0,1743.0,burned
570.0,559.0,654.0,768.0,868.0,944.0,1067.0,1797.0,burned
580.0,578.0,684.0,787.0,865.0,954.0,1067.0,1766.0,burned
591.0,601.0,697.0,796.0,887.0,923.0,1123.0,1790.0,burned
594.0,612.0,709.0,809.0,895.0,927.0,1070.0,1835.0,burned
594.0,557.0,691.0,820.0,911.0,968.0,1111.0,1729.0,burned
581.0,564.0,689.0,791.0,887.0,947.0,1123.0,1724.0,burned
585.0,571.0,673.0,773.0,859.0,951.0,1069.0,1759.0,burned
600.0,548.0,684.0,747.0,848.0,950.0,1072.0,1786.0,burned
509.0,591.0,690.0,775.0,854.0,934.0,1080.0,1742.0,burned
575.0,552.0,695.0,793.0,885.0,945.0,1145.0,1842.0,burned
567.0,583.0,697.0,802.0,888.0,955.0,1140.0,1803.0,burned
579.0,600.0,706.0,786.0,909.0,972.0,1193.0,1790.0,burned
598.0,594.0,715.0,819.0,905.0,970.0,1122.0,1757.0,burned
579.0,584.0,715.0,830.0,899.0,968.0,1115.0,1760.0,burned
573.0,557.0,685.0,790.0,886.0,959.0,1091.0,1709.0,burned
560.0,564.0,692.0,779.0,857.0,951.0,1018.0,1841.0,burned
543.0,574.0,684.0,781.0,842.0,946.0,1047.0,1859.0,burned
490.0,580.0,700.0,793.0,869.0,941.0,1104.0,1792.0,burned
560.0,562.0,683.0,796.0,891.0,963.0,1156.0,1850.0,burned
529.0,573.0,703.0,811.0,892.0,985.0,1127.0,1813.0,burned
572.0,577.0,705.0,820.0,901.0,971.0,1152.0,1782.0,burned
584.0,593.0,712.0,826.0,905.0,968.0,1124.0,1764.0,burned
568.0,590.0,714.0,831.0,901.0,959.0,1110.0,1782.0,burned
554.0,594.0,708.0,825.0,908.0,959.0,1131.0,1766.0,burned
576.0,625.0,703.0,832.0,888.0,944.0,1123.0,1755.0,burned
511.0,578.0,689.0,821.0,900.0,981.0,1131.0,1748.0,burned
610.0,598.0,698.0,810.0,896.0,971.0,1115.0,1780.0,burned
595.0,596.0,704.0,792.0,878.0,960.0,1095.0,1817.0,burned
595.0,594.0,684.0,784.0,871.0,972.0,1109.0,1794.0,burned
543.0,578.0,717.0,799.0,900.0,948.0,1105.0,1801.0,burned
555.0,588.0,687.0,810.0,887.0,969.0,1133.0,1791.0,burned
541.0,597.0,696.0,803.0,892.0,997.0,1132.0,1822.0,burned
609.0,572.0,700.0,837.0,898.0,963.0,1139.0,1833.0,burned
549.0,597.0,712.0,800.0,927.0,944.0,1108.0,1791.0,burned
525.0,597.0,713.0,804.0,918.0,975.0,1111.0,1780.0,burned
613.0,595.0,684.0,792.0,894.0,986.0,1146.0,1773.0,burned
567.0,578.0,700.0,800.0,932.0,985.0,1132.0,1750.0,burned
601.0,577.0,699.0,785.0,945.0,969.0,1135.0,1741.0,burned
572.0,585.0,695.0,788.0,918.0,996.0,1149.0,1744.0,burned
536.0,567.0,701.0,820.0,903.0,1007.0,1084.0,1777.0,burned
607.0,568.0,704.0,838.0,911.0,990.0,1094.0,1771.0,burned
611.0,588.0,698.0,832.0,903.0,987.0,1149.0,1749.0,burned
553.0,597.0,701.0,823.0,920.0,975.0,1107.0,1794.0,burned
564.0,583.0,700.0,786.0,895.0,953.0,1122.0,1843.0,burned
517.0,578.0,694.0,794.0,895.0,954.0,1116.0,1809.0,burned
533.0,594.0,693.0,805.0,889.0,972.0,1137.0,1783.0,burned
619.0,573.0,687.0,808.0,907.0,942.0,1147.0,1775.0,burned
537.0,595.0,689.0,794.0,902.0,996.0,1159.0,1772.0,burned
563.0,589.0,694.0,813.0,900.0,977.0,1162.0,1738.0,burned
567.0,595.0,681.0,794.0,899.0,959.0,1145.0,1809.0,burned
579.0,593.0,695.0,826.0,882.0,953.0,1134.0,1809.0,burned
566.0,594.0,690.0,822.0,882.0,962.0,1130.0,1791.0,burned
580.0,589.0,701.0,809.0,884.0,971.0,1167.0,1777.0,burned
599.0,569.0,708.0,807.0,902.0,953.0,1122.0,1740.0,burned
587.0,574.0,707.0,800.0,927.0,950.0,1142.0,1718.0,burned
614.0,591.0,705.0,814.0,918.0,980.0,1153.0,1812.0,burned
597.0,617.0,706.0,813.0,949.0,975.0,1088.0,1854.0,burned
561.0,575.0,704.0,810.0,885.0,952.0,1152.0,1818.0,burned
523.0,600.0,714.0,800.0,901.0,964.0,1114.0,1777.0,burned
531.0,597.0,700.0,809.0,895.0,972.0,1140.0,1754.0,burned
574.0,577.0,679.0,797.0,918.0,936.0,1123.0,1796.0,burned
566.0,589.0,662.0,778.0,937.0,966.0,1155.0,1784.0,burned
633.0,589.0,690.0,807.0,926.0,950.0,1162.0,1728.0,burned
579.0,595.0,691.0,814.0,898.0,962.0,1140.0,1752.0,burned
567.0,600.0,703.0,833.0,886.0,957.0,1130.0,1770.0,burned
527.0,600.0,689.0,814.0,880.0,945.0,1089.0,1779.0,burned
600.0,586.0,689.0,781.0,874.0,964.0,1144.0,1701.0,burned
558.0,560.0,691.0,786.0,921.0,960.0,1112.0,1809.0,burned
582.0,564.0,701.0,786.0,900.0,946.0,1135.0,1772.0,burned
566.0,590.0,699.0,797.0,911.0,953.0,1093.0,1774.0,burned
623.0,622.0,711.0,827.0,909.0,958.0,1126.0,1756.0,burned
577.0,589.0,695.0,814.0,905.0,986.0,1127.0,1779.0,burned
591.0,602.0,702.0,831.0,901.0,969.0,1129.0,1790.0,burned
580.0,607.0,709.0,798.0,922.0,971.0,1148.0,1744.0,burned
658.0,588.0,679.0,805.0,926.0,973.0,1145.0,1717.0,burned
551.0,591.0,699.0,792.0,912.0,962.0,1096.0,1710.0,burned
562.0,600.0,682.0,778.0,906.0,959.0,1084.0,1723.0,burned
543.0,580.0,706.0,786.0,901.0,946.0,1105.0,1794.0,burned
568.0,611.0,708.0,809.0,900.0,970.0,1153.0,1775.0,burned
576.0,600.0,667.0,799.0,898.0,982.0,1065.0,1714.0,burned
567.0,569.0,696.0,792.0,901.0,982.0,1120.0,1755.0,burned
558.0,573.0,683.0,796.0,878.0,952.0,1111.0,1722.0,burned
580.0,565.0,678.0,792.0,872.0,946.0,1110.0,1750.0,burned
620.0,581.0,696.0,793.0,868.0,940.0,1150.0,1753.0,burned
566.0,581.0,689.0,778.0,917.0,949.0,1079.0,1750.0,burned
533.0,595.0,706.0,821.0,897.0,952.0,1146.0,1864.0,burned
590.0,596.0,705.0,808.0,892.0,978.0,1123.0,1725.0,burned
596.0,609.0,726.0,836.0,918.0,986.0,1148.0,1854.0,burned
584.0,600.0,702.0,816.0,911.0,969.0,1144.0,1834.0,burned
590.0,601.0,724.0,809.0,927.0,978.0,1132.0,1810.0,burned
590.0,596.0,715.0,807.0,913.0,973.0,1109.0,1708.0,burned
556.0,602.0,684.0,814.0,898.0,951.0,1129.0,1799.0,burned
594.0,569.0,707.0,813.0,898.0,966.0,1124.0,1782.0,burned
607.0,579.0,723.0,802.0,894.0,952.0,1100.0,1781.0,burned
580.0,586.0,685.0,782.0,875.0,971.0,1096.0,1746.0,burned
594.0,584.0,683.0,792.0,876.0,944.0,1139.0,1773.0,burned
515.0,579.0,685.0,807.0,868.0,959.0,1133.0,1785.0,burned
603.0,553.0,691.0,794.0,866.0,964.0,1146.0,1767.0,burned
584.0,570.0,660.0,770.0,899.0,952.0,1109.0,1745.0,burned
621.0,567.0,665.0,776.0,889.0,948.0,1124.0,1729.0,burned
620.0,616.0,700.0,792.0,882.0,949.0,1105.0,1768.0,burned
582.0,596.0,684.0,808.0,892.0,936.0,1120.0,1779.0,burned
578.0,597.0,709.0,807.0,899.0,977.0,1140.0,1794.0,burned
567.0,604.0,721.0,820.0,944.0,985.0,1163.0,1734.0,burned
587.0,597.0,703.0,822.0,928.0,977.0,1168.0,1769.0,burned
570.0,621.0,689.0,821.0,905.0,960.0,1147.0,1808.0,burned
588.0,583.0,685.0,815.0,905.0,971.0,1057.0,1735.0,burned
567.0,588.0,694.0,809.0,915.0,962.0,1085.0,1698.0,burned
616.0,586.0,709.0,780.0,889.0,972.0,1120.0,1757.0,burned
616.0,591.0,696.0,793.0,894.0,952.0,1147.0,1787.0,burned
554.0,573.0,695.0,815.0,876.0,976.0,1134.0,1776.0,burned
588.0,601.0,695.0,821.0,856.0,971.0,1122.0,1807.0,burned
617.0,573.0,670.0,781.0,894.0,958.0,1109.0,1749.0,burned
609.0,567.0,667.0,773.0,895.0,955.0,1122.0,1741.0,burned
595.0,591.0,693.0,796.0,881.0,954.0,1116.0,1765.0,burned
578.0,589.0,679.0,786.0,892.0,951.0,1103.0,1688.0,burned
594.0,604.0,721.0,831.0,928.0,1012.0,1179.0,1756.0,burned
611.0,604.0,699.0,843.0,915.0,973.0,1126.0,1832.0,burned
607.0,609.0,687.0,813.0,891.0,975.0,1144.0,1831.0,burned
553.0,590.0,711.0,830.0,892.0,994.0,1180.0,1790.0,burned
551.0,581.0,719.0,808.0,873.0,943.0,1149.0,1775.0,burned
563.0,581.0,708.0,810.0,849.0,951.0,1145.0,1766.0,burned
607.0,593.0,688.0,809.0,898.0,969.0,1120.0,1817.0,burned
502.0,610.0,691.0,800.0,900.0,951.0,1172.0,1766.0,burned
553.0,580.0,679.0,826.0,894.0,955.0,1137.0,1823.0,burned
538.0,579.0,678.0,805.0,889.0,961.0,1129.0,1812.0,burned
603.0,574.0,685.0,782.0,901.0,964.0,1074.0,1719.0,burned
628.0,611.0,737.0,810.0,938.0,986.0,1149.0,1798.0,burned
572.0,606.0,706.0,822.0,920.0,991.0,1177.0,1794.0,burned
619.0,616.0,701.0,811.0,897.0,963.0,1129.0,1759.0,burned
579.0,618.0,706.0,811.0,887.0,963.0,1146.0,1804.0,burned
604.0,589.0,676.0,814.0,892.0,984.0,1124.0,1790.0,burned
580.0,584.0,691.0,810.0,913.0,958.0,1099.0,1695.0,burned
591.0,586.0,695.0,816.0,904.0,988.0,1042.0,1753.0,burned
595.0,590.0,682.0,802.0,889.0,981.0,1127.0,1699.0,burned
594.0,602.0,712.0,833.0,931.0,982.0,1117.0,1637.0,burned
586.0,597.0,707.0,821.0,919.0,981.0,1141.0,1778.0,burned
560.0,577.0,687.0,810.0,917.0,982.0,1140.0,1760.0,burned
584.0,583.0,707.0,809.0,927.0,987.0,1122.0,1745.0,burned
637.0,588.0,682.0,804.0,963.0,1017.0,1095.0,1779.0,burned
586.0,589.0,691.0,808.0,912.0,963.0,1118.0,1781.0,burned
564.0,631.0,702.0,828.0,907.0,1013.0,1163.0,1770.0,burned
584.0,644.0,720.0,820.0,906.0,1000.0,1152.0,1777.0,burned
592.0,630.0,723.0,821.0,908.0,1007.0,1152.0,1778.0,burned
562.0,611.0,703.0,828.0,970.0,995.0,1198.0,1810.0,burned
624.0,605.0,710.0,795.0,863.0,952.0,1092.0,1656.0,burned
645.0,604.0,721.0,797.0,850.0,959.0,1068.0,1704.0,burned
601.0,615.0,695.0,768.0,841.0,948.0,1057.0,1716.0,burned
609.0,617.0,674.0,764.0,848.0,953.0,1052.0,1558.0,burned
589.0,621.0,668.0,785.0,837.0,944.0,1054.0,1566.0,burned
650.0,615.0,721.0,806.0,875.0,946.0,1090.0,1695.0,burned
612.0,610.0,701.0,791.0,868.0,977.0,1065.0,1720.0,burned
581.0,606.0,672.0,778.0,904.0,914.0,1045.0,1661.0,burned
633.0,595.0,691.0,758.0,850.0,932.0,995.0,1593.0,burned
621.0,611.0,677.0,772.0,834.0,932.0,1017.0,1619.0,burned
604.0,600.0,687.0,757.0,867.0,936.0,1023.0,1636.0,burned
661.0,619.0,696.0,809.0,879.0,935.0,1109.0,1704.0,burned
641.0,614.0,722.0,811.0,892.0,967.0,1105.0,1759.0,burned
613.0,605.0,696.0,802.0,878.0,934.0,1083.0,1628.0,burned
629.0,620.0,687.0,773.0,893.0,927.0,1030.0,1727.0,burned
603.0,624.0,671.0,755.0,902.0,905.0,986.0,1651.0,burned
585.0,588.0,677.0,778.0,842.0,931.0,979.0,1730.0,burned
656.0,621.0,684.0,773.0,883.0,953.0,1050.0,1668.0,burned
591.0,608.0,680.0,772.0,879.0,947.0,1065.0,1646.0,burned
613.0,600.0,692.0,764.0,840.0,951.0,1076.0,1599.0,burned
560.0,590.0,678.0,766.0,841.0,930.0,986.0,1645.0,burned
661.0,619.0,696.0,809.0,879.0,935.0,1109.0,1704.0,burned
641.0,614.0,722.0,811.0,892.0,967.0,1105.0,1759.0,burned
613.0,605.0,696.0,802.0,878.0,934.0,1083.0,1628.0,burned
629.0,620.0,687.0,773.0,893.0,927.0,1030.0,1727.0,burned
603.0,624.0,671.0,755.0,902.0,905.0,986.0,1651.0,burned
585.0,588.0,677.0,778.0,842.0,931.0,979.0,1730.0,burned
656.0,621.0,684.0,773.0,883.0,953.0,1050.0,1668.0,burned
591.0,608.0,680.0,772.0,879.0,947.0,1065.0,1646.0,burned
613.0,600.0,692.0,764.0,840.0,951.0,1076.0,1599.0,burned
560.0,590.0,678.0,766.0,841.0,930.0,986.0,1645.0,burned
591.0,598.0,674.0,763.0,842.0,935.0,986.0,1622.0,burned
564.0,601.0,673.0,755.0,817.0,922.0,1029.0,1606.0,burned
675.0,579.0,658.0,744.0,835.0,881.0,1002.0,1671.0,burned
619.0,627.0,742.0,808.0,911.0,958.0,1126.0,1785.0,burned
656.0,629.0,733.0,809.0,900.0,970.0,1107.0,1710.0,burned
666.0,627.0,707.0,808.0,906.0,948.0,1079.0,1763.0,burned
596.0,636.0,719.0,788.0,849.0,960.0,1075.0,1755.0,burned
621.0,619.0,681.0,779.0,856.0,951.0,1057.0,1760.0,burned
619.0,606.0,687.0,782.0,855.0,949.0,1076.0,1742.0,burned
613.0,616.0,715.0,785.0,850.0,942.0,1063.0,1714.0,burned
617.0,598.0,702.0,790.0,881.0,947.0,1068.0,1674.0,burned
607.0,603.0,698.0,777.0,886.0,966.0,1062.0,1709.0,burned
600.0,583.0,691.0,769.0,891.0,951.0,1051.0,1667.0,burned
628.0,593.0,696.0,766.0,861.0,892.0,1040.0,1660.0,burned
596.0,601.0,686.0,761.0,848.0,907.0,1026.0,1659.0,burned
607.0,580.0,652.0,746.0,810.0,901.0,1060.0,1686.0,burned
562.0,579.0,663.0,744.0,823.0,896.0,1025.0,1662.0,burned
594.0,582.0,664.0,715.0,789.0,882.0,1013.0,1661.0,burned
602.0,596.0,657.0,726.0,798.0,925.0,991.0,1674.0,burned
628.0,614.0,733.0,820.0,912.0,1005.0,1097.0,1799.0,burned
616.0,622.0,726.0,809.0,910.0,990.0,1151.0,1745.0,burned
621.0,609.0,724.0,808.0,898.0,982.0,1132.0,1750.0,burned
608.0,606.0,686.0,809.0,899.0,969.0,1173.0,1784.0,burned
616.0,608.0,712.0,783.0,846.0,949.0,1051.0,1692.0,burned
597.0,614.0,681.0,767.0,838.0,958.0,1023.0,1727.0,burned
611.0,604.0,666.0,780.0,897.0,947.0,1053.0,1722.0,burned
600.0,604.0,693.0,786.0,850.0,950.0,1062.0,1776.0,burned
593.0,589.0,692.0,779.0,863.0,943.0,1065.0,1752.0,burned
589.0,598.0,691.0,763.0,872.0,953.0,988.0,1730.0,burned
593.0,586.0,691.0,788.0,874.0,935.0,1094.0,1657.0,burned
541.0,616.0,683.0,777.0,869.0,929.0,1053.0,1662.0,burned
603.0,572.0,661.0,773.0,876.0,952.0,1040.0,1689.0,burned
528.0,579.0,668.0,754.0,804.0,947.0,1055.0,1742.0,burned
545.0,584.0,674.0,746.0,824.0,915.0,1053.0,1740.0,burned
577.0,597.0,674.0,759.0,835.0,905.0,1055.0,1666.0,burned
648.0,598.0,676.0,739.0,811.0,925.0,1041.0,1651.0,burned
607.0,590.0,670.0,762.0,847.0,915.0,1060.0,1642.0,burned
597.0,580.0,679.0,747.0,839.0,942.0,1031.0,1673.0,burned
619.0,621.0,696.0,818.0,904.0,961.0,1155.0,1830.0,burned
608.0,608.0,679.0,771.0,860.0,983.0,1062.0,1699.0,burned
589.0,615.0,672.0,746.0,880.0,971.0,1080.0,1733.0,burned
615.0,601.0,671.0,767.0,865.0,955.0,1052.0,1712.0,burned
587.0,612.0,697.0,780.0,846.0,951.0,1065.0,1716.0,burned
597.0,589.0,690.0,769.0,865.0,938.0,1061.0,1706.0,burned
601.0,583.0,696.0,790.0,874.0,929.0,1014.0,1666.0,burned
625.0,594.0,691.0,785.0,861.0,951.0,1082.0,1666.0,burned
572.0,621.0,683.0,792.0,868.0,939.0,1043.0,1626.0,burned
608.0,584.0,671.0,780.0,870.0,939.0,1062.0,1719.0,burned
599.0,617.0,688.0,767.0,830.0,951.0,1068.0,1739.0,burned
607.0,600.0,676.0,764.0,843.0,941.0,1081.0,1739.0,burned
581.0,600.0,676.0,768.0,831.0,939.0,1111.0,1659.0,burned
641.0,598.0,683.0,748.0,831.0,939.0,1038.0,1664.0,burned
617.0,586.0,673.0,748.0,873.0,947.0,1039.0,1715.0,burned
589.0,577.0,697.0,757.0,822.0,935.0,1055.0,1713.0,burned
628.0,601.0,678.0,789.0,836.0,959.0,1075.0,1718.0,burned
568.0,593.0,685.0,784.0,882.0,947.0,1103.0,1726.0,burned
649.0,565.0,698.0,763.0,885.0,961.0,1076.0,1723.0,burned
636.0,575.0,681.0,784.0,860.0,967.0,1073.0,1727.0,burned
632.0,637.0,713.0,768.0,872.0,988.0,1080.0,1724.0,burned
608.0,575.0,690.0,801.0,853.0,983.0,1077.0,1722.0,burned
603.0,560.0,684.0,807.0,843.0,976.0,1089.0,1721.0,burned
616.0,589.0,693.0,796.0,865.0,951.0,1106.0,1717.0,burned
621.0,582.0,698.0,786.0,909.0,979.0,1129.0,1733.0,burned
614.0,598.0,682.0,784.0,879.0,987.0,1134.0,1765.0,burned
554.0,595.0,689.0,786.0,895.0,952.0,1104.0,1754.0,burned
591.0,597.0,682.0,781.0,864.0,958.0,1058.0,1697.0,burned
578.0,595.0,683.0,768.0,860.0,957.0,1059.0,1713.0,burned
599.0,587.0,695.0,751.0,877.0,957.0,1007.0,1655.0,burned
632.0,588.0,727.0,785.0,881.0,973.0,1118.0,1757.0,burned
556.0,601.0,690.0,782.0,881.0,983.0,1110.0,1805.0,burned
617.0,625.0,715.0,807.0,912.0,992.0,1081.0,1793.0,burned
640.0,626.0,714.0,805.0,875.0,986.0,1073.0,1796.0,burned
597.0,604.0,707.0,783.0,855.0,1014.0,1097.0,1729.0,burned
617.0,598.0,700.0,786.0,894.0,972.0,1133.0,1689.0,burned
623.0,596.0,702.0,795.0,885.0,971.0,1127.0,1673.0,burned
633.0,603.0,705.0,795.0,914.0,967.0,1098.0,1729.0,burned
595.0,603.0,709.0,793.0,863.0,954.0,1118.0,1757.0,burned
542.0,608.0,705.0,783.0,887.0,974.0,1095.0,1777.0,burned
565.0,604.0,730.0,805.0,905.0,993.0,1104.0,1787.0,burned
595.0,606.0,716.0,812.0,911.0,961.0,1104.0,1804.0,burned
622.0,608.0,704.0,799.0,883.0,1003.0,1113.0,1759.0,burned
611.0,597.0,703.0,778.0,893.0,979.0,1115.0,1732.0,burned
607.0,593.0,704.0,780.0,901.0,981.0,1110.0,1741.0,burned
611.0,608.0,705.0,790.0,918.0,996.0,1125.0,1752.0,burned
644.0,603.0,714.0,793.0,879.0,1003.0,1098.0,1769.0,burned
585.0,611.0,709.0,798.0,888.0,989.0,1114.0,1791.0,burned
605.0,576.0,706.0,800.0,873.0,983.0,1111.0,1710.0,burned
595.0,601.0,702.0,790.0,857.0,985.0,1082.0,1698.0,burned
601.0,617.0,702.0,786.0,863.0,991.0,1166.0,1783.0,burned
597.0,607.0,720.0,813.0,918.0,978.0,1089.0,1818.0,burned
618.0,612.0,718.0,821.0,898.0,997.0,1164.0,1753.0,burned
606.0,621.0,717.0,820.0,906.0,1016.0,1134.0,1832.0,burned
512.0,547.0,649.0,764.0,865.0,879.0,1044.0,1824.0,burned
502.0,551.0,662.0,746.0,814.0,891.0,1025.0,1775.0,burned
569.0,544.0,648.0,746.0,799.0,861.0,1016.0,1756.0,burned
539.0,546.0,660.0,745.0,827.0,870.0,1088.0,1832.0,burned
543.0,547.0,654.0,779.0,842.0,887.0,1025.0,1726.0,burned
479.0,512.0,640.0,752.0,848.0,877.0,1052.0,1786.0,burned
478.0,523.0,644.0,756.0,808.0,877.0,1013.0,1766.0,burned
568.0,549.0,644.0,756.0,803.0,863.0,1036.0,1754.0,burned
564.0,546.0,660.0,757.0,808.0,874.0,1099.0,1846.0,burned
533.0,558.0,643.0,752.0,812.0,891.0,1053.0,1857.0,burned
543.0,559.0,649.0,752.0,827.0,866.0,988.0,1791.0,burned
549.0,552.0,680.0,782.0,847.0,881.0,1061.0,1638.0,burned
516.0,548.0,657.0,767.0,848.0,888.0,1029.0,1689.0,burned
575.0,553.0,656.0,752.0,861.0,888.0,1022.0,1750.0,burned
514.0,515.0,669.0,755.0,766.0,892.0,1060.0,1782.0,burned
500.0,512.0,651.0,728.0,806.0,871.0,1043.0,1786.0,burned
573.0,551.0,636.0,754.0,838.0,904.0,1048.0,1697.0,burned
556.0,549.0,634.0,761.0,814.0,884.0,1013.0,1842.0,burned
549.0,551.0,651.0,766.0,853.0,886.0,1047.0,1767.0,burned
531.0,554.0,661.0,743.0,823.0,917.0,1002.0,1779.0,burned
537.0,564.0,701.0,778.0,846.0,914.0,1083.0,1819.0,burned
543.0,551.0,695.0,755.0,815.0,903.0,1070.0,1828.0,burned
581.0,573.0,679.0,786.0,882.0,919.0,1080.0,1899.0,burned
545.0,528.0,646.0,758.0,834.0,870.0,1042.0,1737.0,burned
559.0,541.0,631.0,777.0,850.0,892.0,1006.0,1746.0,burned
547.0,543.0,616.0,758.0,830.0,891.0,980.0,1668.0,burned
584.0,523.0,646.0,738.0,805.0,856.0,1017.0,1792.0,burned
488.0,535.0,623.0,758.0,846.0,880.0,1043.0,1668.0,burned
523.0,536.0,650.0,758.0,816.0,897.0,1045.0,1699.0,burned
587.0,553.0,673.0,792.0,821.0,892.0,1074.0,1724.0,burned
556.0,568.0,679.0,778.0,847.0,914.0,1154.0,1749.0,burned
563.0,560.0,673.0,777.0,853.0,917.0,1072.0,1769.0,burned
535.0,567.0,693.0,766.0,873.0,906.0,1044.0,1776.0,burned
557.0,567.0,678.0,808.0,880.0,943.0,1117.0,1814.0,burned
637.0,562.0,689.0,796.0,855.0,938.0,1150.0,1830.0,burned
557.0,556.0,675.0,773.0,862.0,924.0,1051.0,1868.0,burned
532.0,538.0,652.0,774.0,823.0,870.0,1060.0,1739.0,burned
548.0,531.0,634.0,745.0,863.0,886.0,1008.0,1789.0,burned
557.0,522.0,626.0,745.0,848.0,886.0,1001.0,1719.0,burned
522.0,515.0,660.0,747.0,810.0,867.0,971.0,1737.0,burned
524.0,537.0,642.0,760.0,868.0,889.0,1066.0,1641.0,burned
537.0,538.0,675.0,763.0,848.0,922.0,1076.0,1688.0,burned
572.0,527.0,646.0,769.0,843.0,918.0,1047.0,1725.0,burned
575.0,556.0,690.0,786.0,846.0,923.0,1110.0,1769.0,burned
547.0,564.0,680.0,789.0,860.0,923.0,1087.0,1779.0,burned
567.0,569.0,696.0,789.0,888.0,930.0,1070.0,1784.0,burned
645.0,575.0,686.0,807.0,854.0,932.0,1104.0,1821.0,burned
705.0,578.0,680.0,799.0,866.0,951.0,1151.0,1853.0,burned
547.0,547.0,628.0,767.0,823.0,926.0,1054.0,1815.0,burned
518.0,558.0,648.0,764.0,798.0,893.0,1066.0,1744.0,burned
575.0,531.0,639.0,772.0,818.0,913.0,1065.0,1715.0,burned
547.0,548.0,648.0,767.0,835.0,917.0,1051.0,1683.0,burned
496.0,580.0,678.0,757.0,847.0,908.0,1063.0,1694.0,burned
543.0,564.0,672.0,761.0,829.0,878.0,1076.0,1797.0,burned
535.0,559.0,689.0,769.0,830.0,891.0,1087.0,1821.0,burned
591.0,544.0,679.0,792.0,878.0,947.0,1087.0,1819.0,burned
583.0,574.0,695.0,811.0,872.0,952.0,1075.0,1775.0,burned
608.0,553.0,677.0,808.0,888.0,949.0,1091.0,1781.0,burned
583.0,599.0,703.0,813.0,900.0,957.0,1097.0,1801.0,burned
573.0,588.0,693.0,813.0,863.0,948.0,1135.0,1844.0,burned
553.0,560.0,671.0,796.0,846.0,926.0,1092.0,1816.0,burned
585.0,568.0,656.0,775.0,854.0,895.0,1063.0,1767.0,burned
520.0,562.0,660.0,768.0,837.0,908.0,1032.0,1653.0,burned
557.0,567.0,649.0,755.0,834.0,865.0,1013.0,1755.0,burned
564.0,559.0,649.0,755.0,846.0,890.0,1020.0,1712.0,burned
608.0,538.0,657.0,769.0,835.0,913.0,1058.0,1731.0,burned
580.0,553.0,703.0,772.0,879.0,919.0,1021.0,1691.0,burned
580.0,570.0,697.0,782.0,875.0,952.0,1011.0,1721.0,burned
571.0,579.0,703.0,795.0,886.0,950.0,1087.0,1796.0,burned
580.0,586.0,692.0,813.0,875.0,961.0,1144.0,1769.0,burned
596.0,617.0,689.0,817.0,913.0,961.0,1125.0,1781.0,burned
600.0,595.0,702.0,809.0,894.0,953.0,1103.0,1853.0,burned
615.0,591.0,727.0,836.0,917.0,984.0,1085.0,1801.0,burned
555.0,564.0,664.0,801.0,820.0,955.0,1047.0,1787.0,burned
585.0,563.0,643.0,785.0,842.0,921.0,1030.0,1717.0,burned
494.0,558.0,662.0,758.0,865.0,901.0,1015.0,1747.0,burned
547.0,565.0,654.0,756.0,853.0,882.0,1053.0,1731.0,burned
533.0,567.0,645.0,750.0,860.0,881.0,1054.0,1708.0,burned
573.0,563.0,672.0,777.0,822.0,904.0,1050.0,1792.0,burned
600.0,559.0,692.0,775.0,893.0,922.0,1085.0,1764.0,burned
607.0,575.0,702.0,778.0,899.0,962.0,1013.0,1795.0,burned
580.0,582.0,703.0,801.0,893.0,952.0,1112.0,1793.0,burned
549.0,574.0,697.0,808.0,876.0,962.0,1137.0,1761.0,burned
537.0,579.0,693.0,812.0,911.0,966.0,1134.0,1763.0,burned
628.0,595.0,713.0,812.0,924.0,964.0,1102.0,1867.0,burned
537.0,588.0,668.0,757.0,824.0,910.0,1038.0,1773.0,burned
531.0,570.0,640.0,760.0,850.0,912.0,1029.0,1718.0,burned
581.0,559.0,669.0,757.0,860.0,913.0,1035.0,1740.0,burned
599.0,565.0,658.0,751.0,854.0,892.0,1069.0,1749.0,burned
604.0,567.0,658.0,747.0,838.0,881.0,1069.0,1741.0,burned
553.0,585.0,678.0,782.0,853.0,904.0,1055.0,1696.0,burned
604.0,583.0,692.0,820.0,931.0,942.0,1146.0,1796.0,burned
579.0,570.0,712.0,835.0,885.0,969.0,1133.0,1776.0,burned
599.0,585.0,716.0,826.0,936.0,996.0,1142.0,1907.0,burned
585.0,595.0,693.0,823.0,876.0,970.0,1132.0,1776.0,burned
612.0,593.0,706.0,815.0,889.0,961.0,1134.0,1783.0,burned
629.0,612.0,728.0,822.0,915.0,992.0,1119.0,1833.0,burned
535.0,589.0,692.0,797.0,857.0,919.0,1128.0,1792.0,burned
617.0,538.0,663.0,761.0,835.0,914.0,1072.0,1758.0,burned
616.0,553.0,651.0,777.0,834.0,899.0,1094.0,1664.0,burned
564.0,564.0,634.0,750.0,867.0,899.0,1048.0,1843.0,burned
565.0,572.0,656.0,751.0,857.0,923.0,1010.0,1758.0,burned
580.0,582.0,663.0,767.0,853.0,926.0,1028.0,1754.0,burned
556.0,593.0,689.0,806.0,870.0,938.0,1089.0,1727.0,burned
587.0,583.0,721.0,808.0,891.0,959.0,1140.0,1767.0,burned
568.0,588.0,736.0,811.0,917.0,960.0,1136.0,1808.0,burned
611.0,595.0,719.0,807.0,883.0,970.0,1124.0,1847.0,burned
585.0,593.0,685.0,809.0,874.0,985.0,1127.0,1806.0,burned
620.0,598.0,704.0,808.0,862.0,984.0,1129.0,1812.0,burned
674.0,584.0,740.0,834.0,902.0,965.0,1128.0,1801.0,burned
561.0,577.0,648.0,778.0,844.0,925.0,1105.0,1789.0,burned
528.0,574.0,678.0,767.0,844.0,903.0,1063.0,1723.0,burned
577.0,573.0,666.0,772.0,827.0,893.0,1060.0,1741.0,burned
589.0,572.0,644.0,751.0,870.0,906.0,1036.0,1824.0,burned
577.0,572.0,666.0,760.0,850.0,921.0,1025.0,1771.0,burned
581.0,585.0,672.0,779.0,886.0,919.0,1054.0,1749.0,burned
567.0,593.0,672.0,812.0,898.0,939.0,1097.0,1770.0,burned
577.0,574.0,719.0,805.0,914.0,964.0,1179.0,1806.0,burned
591.0,574.0,738.0,809.0,915.0,975.0,1178.0,1778.0,burned
616.0,591.0,720.0,805.0,905.0,997.0,1091.0,1822.0,burned
592.0,596.0,687.0,811.0,911.0,983.0,1129.0,1854.0,burned
605.0,596.0,724.0,809.0,878.0,962.0,1129.0,1809.0,burned
579.0,577.0,669.0,767.0,848.0,919.0,1079.0,1816.0,burned
555.0,563.0,666.0,763.0,848.0,909.0,1067.0,1741.0,burned
548.0,549.0,668.0,766.0,820.0,893.0,1058.0,1681.0,burned
593.0,557.0,683.0,767.0,843.0,906.0,1096.0,1816.0,burned
595.0,575.0,674.0,777.0,866.0,921.0,1059.0,1725.0,burned
575.0,577.0,674.0,800.0,882.0,917.0,1058.0,1744.0,burned
555.0,584.0,714.0,808.0,900.0,948.0,1111.0,1756.0,burned
587.0,585.0,710.0,790.0,913.0,950.0,1097.0,1766.0,burned
605.0,584.0,702.0,792.0,915.0,993.0,1084.0,1782.0,burned
591.0,586.0,703.0,805.0,902.0,946.0,1091.0,1804.0,burned
553.0,595.0,692.0,803.0,853.0,975.0,1106.0,1822.0,burned
579.0,598.0,708.0,807.0,897.0,986.0,1112.0,1798.0,burned
574.0,587.0,684.0,788.0,860.0,945.0,1121.0,1906.0,burned
533.0,572.0,664.0,773.0,842.0,916.0,1124.0,1799.0,burned
601.0,577.0,663.0,766.0,853.0,922.0,1010.0,1688.0,burned
522.0,580.0,664.0,769.0,855.0,916.0,1010.0,1766.0,burned
601.0,579.0,679.0,782.0,855.0,940.0,1111.0,1767.0,burned
540.0,577.0,685.0,791.0,857.0,939.0,1044.0,1775.0,burned
533.0,578.0,678.0,791.0,857.0,951.0,1075.0,1739.0,burned
532.0,586.0,701.0,774.0,866.0,948.0,1060.0,1755.0,burned
567.0,594.0,706.0,800.0,879.0,938.0,1063.0,1807.0,burned
588.0,583.0,702.0,799.0,882.0,961.0,1122.0,1789.0,burned
596.0,585.0,686.0,801.0,887.0,943.0,1067.0,1794.0,burned
604.0,594.0,706.0,809.0,898.0,953.0,1118.0,1798.0,burned
579.0,582.0,656.0,784.0,859.0,917.0,1095.0,1893.0,burned
584.0,569.0,660.0,767.0,866.0,905.0,1070.0,1775.0,burned
588.0,577.0,668.0,774.0,872.0,927.0,1024.0,1723.0,burned
496.0,582.0,662.0,774.0,857.0,923.0,996.0,1790.0,burned
601.0,585.0,674.0,789.0,855.0,929.0,1058.0,1708.0,burned
559.0,578.0,683.0,783.0,844.0,947.0,1082.0,1801.0,burned
555.0,575.0,685.0,778.0,860.0,934.0,1104.0,1772.0,burned
561.0,586.0,710.0,778.0,870.0,925.0,1043.0,1760.0,burned
581.0,599.0,695.0,795.0,844.0,930.0,1087.0,1822.0,burned
580.0,577.0,687.0,795.0,859.0,933.0,1094.0,1740.0,burned
577.0,585.0,687.0,800.0,882.0,949.0,1069.0,1765.0,burned
596.0,593.0,691.0,809.0,914.0,962.0,1140.0,1806.0,burned
594.0,572.0,683.0,783.0,853.0,956.0,1142.0,1940.0,burned
573.0,579.0,664.0,762.0,835.0,933.0,1099.0,1742.0,burned
559.0,580.0,663.0,797.0,854.0,906.0,1067.0,1702.0,burned
561.0,583.0,656.0,789.0,868.0,901.0,1033.0,1723.0,burned
571.0,586.0,671.0,792.0,852.0,918.0,1097.0,1708.0,burned
604.0,572.0,691.0,777.0,829.0,907.0,1120.0,1693.0,burned
607.0,557.0,701.0,773.0,859.0,919.0,1095.0,1723.0,burned
589.0,601.0,691.0,779.0,874.0,909.0,1128.0,1725.0,burned
596.0,583.0,693.0,790.0,881.0,919.0,1091.0,1717.0,burned
600.0,583.0,691.0,792.0,870.0,924.0,1059.0,1752.0,burned
621.0,583.0,690.0,811.0,879.0,938.0,1066.0,1749.0,burned
605.0,595.0,692.0,806.0,886.0,944.0,1090.0,1822.0,burned
605.0,576.0,690.0,776.0,855.0,942.0,1091.0,1695.0,burned
575.0,578.0,677.0,804.0,860.0,938.0,1154.0,1751.0,burned
587.0,589.0,671.0,788.0,866.0,924.0,1058.0,1766.0,burned
561.0,594.0,663.0,763.0,854.0,913.0,1042.0,1757.0,burned
561.0,585.0,678.0,763.0,856.0,915.0,1122.0,1756.0,burned
555.0,565.0,686.0,794.0,857.0,936.0,1036.0,1714.0,burned
579.0,562.0,679.0,785.0,878.0,927.0,1125.0,1770.0,burned
597.0,586.0,686.0,783.0,879.0,924.0,1178.0,1730.0,burned
560.0,600.0,691.0,790.0,905.0,910.0,1039.0,1747.0,burned
573.0,579.0,683.0,799.0,866.0,913.0,1076.0,1817.0,burned
608.0,577.0,686.0,800.0,874.0,924.0,1096.0,1794.0,burned
559.0,578.0,690.0,778.0,878.0,919.0,1065.0,1804.0,burned
624.0,576.0,677.0,785.0,852.0,949.0,1082.0,1731.0,burned
591.0,581.0,679.0,807.0,853.0,949.0,1107.0,1771.0,burned
577.0,591.0,674.0,794.0,866.0,933.0,1055.0,1758.0,burned
579.0,595.0,667.0,789.0,856.0,927.0,1063.0,1738.0,burned
580.0,575.0,693.0,782.0,848.0,909.0,1048.0,1719.0,burned
595.0,567.0,690.0,790.0,875.0,908.0,1079.0,1781.0,burned
575.0,573.0,669.0,790.0,883.0,905.0,1128.0,1786.0,burned
583.0,596.0,658.0,790.0,882.0,921.0,1121.0,1751.0,burned
555.0,589.0,680.0,792.0,867.0,909.0,1081.0,1743.0,burned
569.0,583.0,698.0,796.0,850.0,910.0,1074.0,1774.0,burned
613.0,582.0,691.0,792.0,865.0,936.0,1061.0,1780.0,burned
531.0,574.0,690.0,795.0,857.0,946.0,1095.0,1758.0,burned
571.0,575.0,684.0,794.0,854.0,923.0,1090.0,1810.0,burned
561.0,580.0,702.0,796.0,855.0,920.0,1089.0,1781.0,burned
608.0,588.0,680.0,789.0,857.0,912.0,1076.0,1692.0,burned
573.0,585.0,696.0,778.0,859.0,900.0,1028.0,1764.0,burned
563.0,560.0,673.0,794.0,861.0,899.0,1020.0,1797.0,burned
532.0,586.0,707.0,775.0,853.0,921.0,1094.0,1819.0,burned
576.0,579.0,714.0,792.0,856.0,910.0,1110.0,1790.0,burned
548.0,578.0,699.0,795.0,867.0,949.0,1079.0,1767.0,burned
628.0,584.0,699.0,794.0,835.0,933.0,1079.0,1751.0,burned
555.0,577.0,708.0,789.0,857.0,890.0,1081.0,1735.0,burned
581.0,579.0,691.0,789.0,841.0,887.0,1069.0,1890.0,burned
564.0,567.0,680.0,786.0,878.0,931.0,1087.0,1701.0,burned
565.0,578.0,678.0,800.0,845.0,942.0,1050.0,1824.0,burned
569.0,570.0,678.0,773.0,868.0,879.0,1070.0,1772.0,burned
525.0,575.0,688.0,784.0,855.0,915.0,1102.0,1750.0,burned
545.0,586.0,707.0,771.0,843.0,938.0,1046.0,1737.0,burned
605.0,586.0,684.0,784.0,862.0,926.0,1092.0,1731.0,burned
625.0,599.0,679.0,800.0,867.0,916.0,1075.0,1750.0,burned
589.0,589.0,685.0,780.0,866.0,914.0,1059.0,1740.0,burned
576.0,559.0,673.0,795.0,888.0,935.0,1063.0,1719.0,burned
587.0,557.0,714.0,794.0,872.0,962.0,1131.0,1759.0,burned
592.0,568.0,687.0,790.0,861.0,921.0,1084.0,1790.0,burned
569.0,573.0,690.0,790.0,869.0,927.0,1113.0,1750.0,burned
573.0,577.0,696.0,794.0,888.0,927.0,1118.0,1759.0,burned
573.0,571.0,669.0,789.0,852.0,926.0,1080.0,1801.0,burned
583.0,563.0,685.0,773.0,859.0,877.0,1067.0,1802.0,burned
523.0,573.0,697.0,776.0,847.0,895.0,1107.0,1751.0,burned
603.0,572.0,690.0,769.0,846.0,929.0,1095.0,1740.0,burned
641.0,596.0,677.0,775.0,861.0,922.0,1077.0,1772.0,burned
621.0,603.0,672.0,792.0,869.0,917.0,1061.0,1752.0,burned
583.0,583.0,683.0,794.0,874.0,921.0,1100.0,1689.0,burned
591.0,546.0,687.0,792.0,892.0,965.0,1035.0,1711.0,burned
583.0,552.0,701.0,790.0,888.0,956.0,1046.0,1763.0,burned
577.0,569.0,693.0,789.0,865.0,939.0,1091.0,1755.0,burned
581.0,565.0,696.0,795.0,872.0,936.0,1100.0,1784.0,burned
585.0,568.0,693.0,791.0,885.0,933.0,1099.0,1766.0,burned
614.0,593.0,664.0,804.0,847.0,939.0,1085.0,1791.0,burned
587.0,576.0,687.0,782.0,847.0,890.0,1094.0,1697.0,burned
561.0,568.0,691.0,773.0,841.0,873.0,1031.0,1746.0,burned
572.0,594.0,710.0,805.0,861.0,905.0,1059.0,1730.0,burned
612.0,590.0,725.0,794.0,898.0,929.0,1085.0,1815.0,burned
575.0,583.0,689.0,774.0,885.0,929.0,1069.0,1764.0,burned
591.0,580.0,686.0,791.0,863.0,931.0,1097.0,1698.0,burned
621.0,583.0,689.0,792.0,868.0,910.0,1118.0,1736.0,burned
589.0,575.0,685.0,788.0,873.0,927.0,1177.0,1729.0,burned
593.0,563.0,684.0,788.0,875.0,942.0,1083.0,1793.0,burned
577.0,575.0,687.0,790.0,865.0,926.0,1113.0,1762.0,burned
595.0,575.0,688.0,789.0,839.0,921.0,1059.0,1884.0,burned
558.0,557.0,665.0,804.0,858.0,940.0,1081.0,1769.0,burned
591.0,557.0,703.0,789.0,845.0,943.0,1067.0,1743.0,burned
583.0,554.0,706.0,790.0,852.0,928.0,1080.0,1744.0,burned
547.0,572.0,660.0,797.0,862.0,923.0,1038.0,1758.0,burned
519.0,584.0,690.0,797.0,873.0,907.0,1045.0,1748.0,burned
548.0,579.0,687.0,796.0,879.0,905.0,1073.0,1729.0,burned
600.0,577.0,666.0,769.0,853.0,952.0,1127.0,1740.0,burned
528.0,557.0,673.0,784.0,838.0,925.0,1097.0,1684.0,burned
529.0,565.0,666.0,803.0,856.0,925.0,1079.0,1708.0,burned
584.0,572.0,679.0,772.0,872.0,922.0,1054.0,1781.0,burned
595.0,568.0,686.0,797.0,852.0,929.0,1104.0,1764.0,burned
610.0,573.0,690.0,791.0,835.0,914.0,1070.0,1904.0,burned
569.0,568.0,667.0,804.0,849.0,928.0,1095.0,1777.0,burned
549.0,560.0,706.0,795.0,856.0,934.0,1110.0,1745.0,burned
559.0,555.0,712.0,788.0,862.0,935.0,1102.0,1749.0,burned
544.0,570.0,667.0,811.0,878.0,941.0,1045.0,1790.0,burned
537.0,580.0,674.0,803.0,901.0,932.0,1095.0,1796.0,burned
549.0,582.0,679.0,797.0,895.0,912.0,1113.0,1767.0,burned
592.0,570.0,671.0,794.0,848.0,949.0,1125.0,1720.0,burned
565.0,558.0,668.0,799.0,856.0,923.0,1094.0,1664.0,burned
563.0,567.0,674.0,814.0,893.0,929.0,1073.0,1751.0,burned
585.0,577.0,668.0,752.0,837.0,918.0,1117.0,1736.0,burned
593.0,570.0,690.0,800.0,876.0,916.0,1122.0,1803.0,burned
549.0,571.0,676.0,806.0,866.0,908.0,1057.0,1736.0,burned
624.0,572.0,679.0,794.0,845.0,877.0,1104.0,1723.0,burned
562.0,576.0,682.0,783.0,880.0,937.0,1125.0,1703.0,burned
561.0,571.0,679.0,825.0,869.0,942.0,1095.0,1741.0,burned
587.0,565.0,681.0,805.0,882.0,944.0,1110.0,1778.0,burned
565.0,575.0,664.0,796.0,902.0,930.0,1132.0,1784.0,burned
567.0,578.0,667.0,796.0,869.0,923.0,1097.0,1759.0,burned
569.0,557.0,675.0,786.0,879.0,900.0,1051.0,1715.0,burned
544.0,578.0,671.0,772.0,893.0,941.0,1139.0,1732.0,burned
596.0,565.0,671.0,773.0,892.0,913.0,1031.0,1796.0,burned
585.0,580.0,678.0,783.0,874.0,906.0,1033.0,1741.0,burned
594.0,604.0,701.0,787.0,856.0,954.0,1099.0,1832.0,burned
577.0,560.0,672.0,816.0,898.0,930.0,1068.0,1801.0,burned
620.0,539.0,682.0,813.0,873.0,940.0,1040.0,1710.0,burned
522.0,567.0,675.0,806.0,866.0,945.0,1002.0,1719.0,burned
599.0,564.0,689.0,794.0,895.0,925.0,1131.0,1764.0,burned
565.0,572.0,673.0,785.0,906.0,899.0,1052.0,1795.0,burned
533.0,556.0,683.0,780.0,898.0,889.0,1085.0,1727.0,burned
551.0,573.0,671.0,785.0,866.0,903.0,1103.0,1732.0,burned
533.0,577.0,675.0,796.0,874.0,923.0,1009.0,1713.0,burned
640.0,562.0,684.0,794.0,878.0,916.0,1150.0,1742.0,burned
593.0,568.0,672.0,803.0,874.0,906.0,1032.0,1723.0,burned
535.0,564.0,686.0,799.0,874.0,881.0,1036.0,1700.0,burned
592.0,567.0,669.0,775.0,859.0,913.0,1099.0,1765.0,burned
